algorithm,path_length,nodes_explored,compute_time,replan_count,predictive_replans,evade_count,found_treasure,wall_density,num_guards,repetition
DFS,125,149,0.00035089999437332153,0,0,0,True,0.15,0,0
DFS,101,219,0.0005144001916050911,0,0,0,True,0.15,0,1
DFS,111,112,0.000250800047069788,0,0,0,True,0.15,0,2
DFS,101,136,0.0002981999423354864,0,0,0,True,0.15,0,3
DFS,69,116,0.00025400007143616676,0,0,0,True,0.15,0,4
DFS,73,76,0.0001697000116109848,0,0,0,True,0.15,0,5
DFS,87,92,0.0002101999707520008,0,0,0,True,0.15,0,6
DFS,99,110,0.00025029992684721947,0,0,0,True,0.15,0,7
DFS,95,150,0.0003263000398874283,0,0,0,True,0.15,0,8
DFS,105,106,0.0002437999937683344,0,0,0,True,0.15,0,9
DFS,91,93,0.00021039997227489948,0,0,0,True,0.15,0,10
DFS,99,124,0.00044219987466931343,0,0,0,True,0.15,0,11
DFS,91,118,0.00025860010646283627,0,0,0,True,0.15,0,12
DFS,65,84,0.00018480001017451286,0,0,0,True,0.15,0,13
DFS,79,83,0.00018339999951422215,0,0,0,True,0.15,0,14
DFS,117,159,0.0003560998011380434,0,0,0,True,0.15,0,15
DFS,61,65,0.000157299917191267,0,0,0,True,0.15,0,16
DFS,79,80,0.00018349988386034966,0,0,0,True,0.15,0,17
DFS,101,102,0.0002623999025672674,0,0,0,True,0.15,0,18
DFS,95,107,0.00024429988116025925,0,0,0,True,0.15,0,19
DFS,95,101,0.0002234999556094408,0,0,0,True,0.15,0,20
DFS,87,227,0.0005733000580221415,0,0,0,True,0.15,0,21
DFS,111,112,0.00026030000299215317,0,0,0,True,0.15,0,22
DFS,113,122,0.00027860002592206,0,0,0,True,0.15,0,23
DFS,79,84,0.0001893998123705387,0,0,0,True,0.15,0,24
DFS,93,98,0.0002275998704135418,0,0,0,True,0.15,0,25
DFS,79,81,0.00018339999951422215,0,0,0,True,0.15,0,26
DFS,113,120,0.0002717000897973776,0,0,0,True,0.15,0,27
DFS,95,100,0.00022600009106099606,0,0,0,True,0.15,0,28
DFS,93,161,0.0003787998575717211,0,0,0,True,0.15,0,29
DFS,85,551,0.0020667999051511288,3,3,7,True,0.15,2,0
DFS,153,1373,0.0033462003339082003,8,8,0,True,0.15,2,1
DFS,183,911,0.0029305999632924795,9,9,0,True,0.15,2,2
DFS,81,991,0.002488299971446395,8,8,9,True,0.15,2,3
DFS,85,435,0.0010991997551172972,4,4,0,True,0.15,2,4
DFS,151,897,0.0021834997460246086,5,5,6,True,0.15,2,5
DFS,89,224,0.0005451999604701996,2,2,0,True,0.15,2,6
DFS,233,1537,0.0037106999661773443,11,11,2,True,0.15,2,7
DFS,376,7690,0.019317500293254852,35,35,17,True,0.15,2,8
DFS,119,2427,0.007539000129327178,12,12,1,True,0.15,2,9
DFS,212,3861,0.009773600148037076,28,28,2,True,0.15,2,10
DFS,96,438,0.0010122000239789486,2,2,4,True,0.15,2,11
DFS,77,343,0.0008942000567913055,2,2,0,True,0.15,2,12
DFS,160,2769,0.006695800460875034,22,22,10,True,0.15,2,13
DFS,99,281,0.0010917000472545624,3,3,0,True,0.15,2,14
DFS,81,223,0.0008680999744683504,0,0,0,True,0.15,2,15
DFS,293,4824,0.013604698702692986,34,34,14,True,0.15,2,16
DFS,123,2008,0.006686300039291382,12,12,0,True,0.15,2,17
DFS,66,1318,0.006107899826020002,6,6,7,True,0.15,2,18
DFS,181,907,0.002706700237467885,9,9,10,True,0.15,2,19
DFS,134,949,0.002309800125658512,7,7,3,True,0.15,2,20
DFS,117,1036,0.002499999711290002,8,8,2,True,0.15,2,21
DFS,440,6517,0.016003100899979472,42,42,22,True,0.15,2,22
DFS,94,363,0.0009477999992668629,3,3,1,True,0.15,2,23
DFS,151,3412,0.008532100589945912,22,22,9,True,0.15,2,24
DFS,95,158,0.0005892999470233917,1,1,0,True,0.15,2,25
DFS,211,5509,0.01621679961681366,30,30,4,True,0.15,2,26
DFS,114,1361,0.00395030016079545,11,11,5,True,0.15,2,27
DFS,123,524,0.0015920002479106188,5,5,0,True,0.15,2,28
DFS,93,1483,0.003839499782770872,14,14,5,True,0.15,2,29
DFS,109,322,0.001104999566450715,4,4,3,True,0.15,4,0
DFS,121,1096,0.002665200037881732,8,8,1,True,0.15,4,1
DFS,326,8598,0.025241498835384846,44,44,26,True,0.15,4,2
DFS,275,2776,0.00961549929343164,26,26,8,True,0.15,4,3
DFS,131,1385,0.0033920002169907093,9,9,6,True,0.15,4,4
DFS,236,3673,0.011401900090277195,33,33,36,True,0.15,4,5
DFS,121,3402,0.010279999114573002,24,24,12,True,0.15,4,6
DFS,72,613,0.0017771997954696417,6,6,8,True,0.15,4,7
DFS,329,8771,0.02576929982751608,48,48,48,True,0.15,4,8
DFS,215,3045,0.008813299937173724,27,27,13,True,0.15,4,9
DFS,151,4600,0.014165399363264441,30,30,10,True,0.15,4,10
DFS,135,1444,0.0037106992676854134,15,15,28,True,0.15,4,11
DFS,137,782,0.0020073000341653824,5,5,3,True,0.15,4,12
DFS,159,4956,0.01238180068321526,27,27,6,True,0.15,4,13
DFS,75,2686,0.006402700208127499,16,16,0,True,0.15,4,14
DFS,180,2490,0.00715820025652647,23,23,10,True,0.15,4,15
DFS,115,859,0.0022900993935763836,7,7,2,True,0.15,4,16
DFS,133,2791,0.00688099954277277,16,16,2,True,0.15,4,17
DFS,185,5630,0.022758401464670897,36,36,12,True,0.15,4,18
DFS,74,1249,0.0045286002568900585,13,13,12,True,0.15,4,19
DFS,135,4274,0.012516099959611893,20,20,4,True,0.15,4,20
DFS,93,823,0.003262000158429146,8,8,0,True,0.15,4,21
DFS,109,2077,0.0073052996303886175,19,19,5,True,0.15,4,22
DFS,88,818,0.0019929001573473215,6,6,1,True,0.15,4,23
DFS,78,1419,0.003363599767908454,14,14,3,True,0.15,4,24
DFS,125,1338,0.0031596000771969557,10,10,7,True,0.15,4,25
DFS,63,1291,0.0030516996048390865,10,10,6,True,0.15,4,26
DFS,117,1935,0.007388299563899636,12,12,11,True,0.15,4,27
DFS,309,5491,0.013498099520802498,39,39,10,True,0.15,4,28
DFS,70,1994,0.004768100334331393,14,14,8,True,0.15,4,29
DFS,85,3595,0.008497200440615416,15,15,12,True,0.15,6,0
DFS,375,14312,0.036057099467143416,86,86,34,True,0.15,6,1
DFS,226,6567,0.0158049997407943,28,28,12,True,0.15,6,2
DFS,301,11033,0.029462299309670925,79,79,69,True,0.15,6,3
DFS,73,3656,0.011868199799209833,20,20,5,True,0.15,6,4
DFS,118,2266,0.007652599597349763,17,17,6,True,0.15,6,5
DFS,395,13792,0.041170601500198245,95,95,75,True,0.15,6,6
DFS,413,16850,0.055683299200609326,87,87,45,False,0.15,6,7
DFS,139,1303,0.0034130006097257137,10,10,2,True,0.15,6,8
DFS,231,5410,0.016213399823755026,36,36,23,True,0.15,6,9
DFS,355,20985,0.05034020100720227,103,103,47,True,0.15,6,10
DFS,400,18888,0.0590649014338851,100,100,63,False,0.15,6,11
DFS,286,9608,0.02529750019311905,50,50,32,True,0.15,6,12
DFS,175,6493,0.01795230060815811,37,37,8,True,0.15,6,13
DFS,172,7173,0.026638999581336975,45,45,44,True,0.15,6,14
DFS,88,1143,0.0027210998814553022,8,8,3,True,0.15,6,15
DFS,187,8413,0.02361270086839795,55,55,33,True,0.15,6,16
DFS,191,4946,0.01221960037946701,24,24,12,True,0.15,6,17
DFS,253,18817,0.05305340024642646,70,70,36,True,0.15,6,18
DFS,123,4287,0.01022280054166913,34,34,4,True,0.15,6,19
DFS,143,6000,0.01455850014463067,39,39,6,True,0.15,6,20
DFS,215,6400,0.020559799391776323,45,45,39,True,0.15,6,21
DFS,229,5040,0.017587999813258648,43,43,22,True,0.15,6,22
DFS,160,4070,0.01005950034596026,32,32,23,True,0.15,6,23
DFS,105,3642,0.010040500434115529,14,14,0,True,0.15,6,24
DFS,113,574,0.0013563998509198427,2,2,0,True,0.15,6,25
DFS,138,7934,0.024205197812989354,37,37,29,True,0.15,6,26
DFS,76,370,0.0012421996798366308,4,4,1,True,0.15,6,27
DFS,405,22872,0.06899880059063435,95,95,61,False,0.15,6,28
DFS,277,7460,0.021490000654011965,46,46,26,True,0.15,6,29
DFS,85,104,0.00022980011999607086,0,0,0,True,0.25,0,0
DFS,55,72,0.0001596000511199236,0,0,0,True,0.25,0,1
DFS,49,144,0.00030499999411404133,0,0,0,True,0.25,0,2
DFS,79,137,0.0005238999146968126,0,0,0,True,0.25,0,3
DFS,73,83,0.0002935000229626894,0,0,0,True,0.25,0,4
DFS,47,193,0.0006343000568449497,0,0,0,True,0.25,0,5
DFS,71,95,0.0003575999289751053,0,0,0,True,0.25,0,6
DFS,107,120,0.0004197999369353056,0,0,0,True,0.25,0,7
DFS,77,95,0.00033410009928047657,0,0,0,True,0.25,0,8
DFS,63,67,0.00024610012769699097,0,0,0,True,0.25,0,9
DFS,71,214,0.0007660000119358301,0,0,0,True,0.25,0,10
DFS,53,93,0.00033599999733269215,0,0,0,True,0.25,0,11
DFS,71,99,0.0003668998833745718,0,0,0,True,0.25,0,12
DFS,69,72,0.00016540009528398514,0,0,0,True,0.25,0,13
DFS,69,190,0.0004021998029202223,0,0,0,True,0.25,0,14
DFS,71,84,0.00018400000408291817,0,0,0,True,0.25,0,15
DFS,65,127,0.00027139997109770775,0,0,0,True,0.25,0,16
DFS,55,60,0.0001370999962091446,0,0,0,True,0.25,0,17
DFS,81,102,0.00022240006364881992,0,0,0,True,0.25,0,18
DFS,65,141,0.00029450003057718277,0,0,0,True,0.25,0,19
DFS,111,114,0.0002566000912338495,0,0,0,True,0.25,0,20
DFS,81,96,0.00035419990308582783,0,0,0,True,0.25,0,21
DFS,53,63,0.00013749999925494194,0,0,0,True,0.25,0,22
DFS,77,80,0.00017939996905624866,0,0,0,True,0.25,0,23
DFS,63,196,0.000417300034314394,0,0,0,True,0.25,0,24
DFS,75,81,0.00018190010450780392,0,0,0,True,0.25,0,25
DFS,87,107,0.00023259990848600864,0,0,0,True,0.25,0,26
DFS,57,68,0.00014610006473958492,0,0,0,True,0.25,0,27
DFS,81,92,0.0002046001609414816,0,0,0,True,0.25,0,28
DFS,93,177,0.0006713001057505608,0,0,0,True,0.25,0,29
DFS,93,1072,0.0026813996955752373,6,6,0,True,0.25,2,0
DFS,110,1714,0.003927499521523714,8,8,1,True,0.25,2,1
DFS,177,1338,0.0031349000055342913,9,9,0,True,0.25,2,2
DFS,90,1094,0.002526199212297797,7,7,1,True,0.25,2,3
DFS,113,419,0.0010527996346354485,4,4,0,True,0.25,2,4
DFS,53,214,0.0005071999039500952,2,2,0,True,0.25,2,5
DFS,207,9963,0.026068900944665074,75,75,1,True,0.25,2,6
DFS,151,2173,0.006708200089633465,11,11,0,True,0.25,2,7
DFS,83,220,0.0009499001316726208,1,1,0,True,0.25,2,8
DFS,56,385,0.0009060001466423273,4,4,2,True,0.25,2,9
DFS,73,1086,0.002552600344642997,11,11,1,True,0.25,2,10
DFS,71,74,0.0001759000588208437,0,0,0,True,0.25,2,11
DFS,59,71,0.00016529997810721397,0,0,0,True,0.25,2,12
DFS,143,1688,0.004735599737614393,10,10,4,True,0.25,2,13
DFS,108,3373,0.007746899500489235,17,17,8,True,0.25,2,14
DFS,67,708,0.0016131994780153036,5,5,5,True,0.25,2,15
DFS,62,641,0.002487099962309003,3,3,3,True,0.25,2,16
DFS,69,535,0.0021303994581103325,3,3,0,True,0.25,2,17
DFS,59,309,0.0007035001181066036,1,1,4,True,0.25,2,18
DFS,85,880,0.0034662995021790266,5,5,3,True,0.25,2,19
DFS,95,462,0.0010829002130776644,2,2,0,True,0.25,2,20
DFS,65,72,0.0001737999264150858,0,0,0,True,0.25,2,21
DFS,183,3550,0.011194898746907711,33,33,19,True,0.25,2,22
DFS,307,5024,0.01326080015860498,26,26,2,True,0.25,2,23
DFS,95,2447,0.008870500139892101,21,21,10,True,0.25,2,24
DFS,101,2808,0.00666880002245307,16,16,5,True,0.25,2,25
DFS,163,1480,0.005278400611132383,9,9,3,True,0.25,2,26
DFS,54,155,0.0003577002789825201,1,1,1,True,0.25,2,27
DFS,57,343,0.0007734000682830811,1,1,0,True,0.25,2,28
DFS,67,420,0.0009513997938483953,3,3,0,True,0.25,2,29
DFS,71,1306,0.0031017004512250423,18,18,5,True,0.25,4,0
DFS,97,1703,0.003925699507817626,11,11,3,True,0.25,4,1
DFS,441,12375,0.045292899711057544,59,59,39,False,0.25,4,2
DFS,139,1732,0.006877800682559609,25,25,6,True,0.25,4,3
DFS,274,7065,0.024638900300487876,53,53,12,True,0.25,4,4
DFS,228,5878,0.018336698645725846,31,31,14,True,0.25,4,5
DFS,75,1344,0.005231100600212812,16,16,4,True,0.25,4,6
DFS,61,487,0.0017876997590065002,7,7,0,True,0.25,4,7
DFS,97,2163,0.006153999362140894,16,16,2,True,0.25,4,8
DFS,88,2285,0.008056600810959935,19,19,1,True,0.25,4,9
DFS,54,554,0.0016312997322529554,6,6,3,True,0.25,4,10
DFS,426,18388,0.06045410083606839,74,74,43,False,0.25,4,11
DFS,137,2041,0.005573100643232465,16,16,8,True,0.25,4,12
DFS,97,1204,0.00415379973128438,13,13,22,True,0.25,4,13
DFS,327,6340,0.01822369988076389,29,29,3,True,0.25,4,14
DFS,55,309,0.001312699867412448,1,1,0,True,0.25,4,15
DFS,137,3183,0.009078700328245759,26,26,24,True,0.25,4,16
DFS,91,2224,0.005752399796620011,9,9,21,True,0.25,4,17
DFS,156,5946,0.016703798435628414,44,44,25,True,0.25,4,18
DFS,261,6378,0.017015699297189713,39,39,31,True,0.25,4,19
DFS,76,1015,0.002403900260105729,12,12,8,True,0.25,4,20
DFS,315,4245,0.01082989969290793,41,41,30,True,0.25,4,21
DFS,376,14206,0.03795669646933675,85,85,39,True,0.25,4,22
DFS,88,3850,0.008982599712908268,24,24,9,True,0.25,4,23
DFS,283,13232,0.035484799882397056,44,44,8,True,0.25,4,24
DFS,55,477,0.0010925005190074444,3,3,2,True,0.25,4,25
DFS,79,715,0.001667200354859233,4,4,0,True,0.25,4,26
DFS,267,5210,0.012908600270748138,27,27,4,True,0.25,4,27
DFS,128,2707,0.0065156992059201,21,21,10,True,0.25,4,28
DFS,207,3670,0.010223399847745895,43,43,16,True,0.25,4,29
DFS,109,1298,0.0050889006815850735,16,16,17,True,0.25,6,0
DFS,265,6771,0.02078880020417273,36,36,9,True,0.25,6,1
DFS,97,934,0.002678500022739172,6,6,3,True,0.25,6,2
DFS,361,17365,0.05558419949375093,107,107,25,True,0.25,6,3
DFS,380,27575,0.09481340204365551,118,118,88,True,0.25,6,4
DFS,81,1458,0.0042178998701274395,11,11,0,True,0.25,6,5
DFS,172,3590,0.015273599186912179,36,36,44,True,0.25,6,6
DFS,422,17475,0.07637799810618162,78,78,75,False,0.25,6,7
DFS,69,557,0.004747000290080905,3,3,0,True,0.25,6,8
DFS,79,3711,0.02595649939030409,18,18,0,True,0.25,6,9
DFS,213,7662,0.04974809964187443,68,68,24,True,0.25,6,10
DFS,121,3940,0.014285800512880087,22,22,0,True,0.25,6,11
DFS,91,1237,0.005281199933961034,7,7,0,True,0.25,6,12
DFS,249,9664,0.08035440044477582,51,51,13,True,0.25,6,13
DFS,253,9941,0.042884399415925145,72,72,24,True,0.25,6,14
DFS,173,4722,0.01717520086094737,34,34,29,True,0.25,6,15
DFS,172,4874,0.018543600337579846,40,40,29,True,0.25,6,16
DFS,137,3595,0.015645300038158894,31,31,4,True,0.25,6,17
DFS,198,6434,0.02225489914417267,45,45,29,True,0.25,6,18
DFS,301,15373,0.05625990009866655,97,97,27,True,0.25,6,19
DFS,273,16569,0.061877000611275434,75,75,20,True,0.25,6,20
DFS,83,1177,0.004969499772414565,10,10,0,True,0.25,6,21
DFS,173,6693,0.02322890004143119,54,54,26,True,0.25,6,22
DFS,403,14501,0.04348189802840352,97,97,59,False,0.25,6,23
DFS,85,1346,0.003180400701239705,15,15,23,True,0.25,6,24
DFS,362,19151,0.053897899109870195,138,138,85,False,0.25,6,25
DFS,411,19406,0.0460962001234293,89,89,64,False,0.25,6,26
DFS,94,3150,0.008555899607017636,13,13,3,True,0.25,6,27
DFS,137,2018,0.005801300285384059,27,27,45,True,0.25,6,28
DFS,390,25040,0.06416950048878789,110,110,41,False,0.25,6,29
DFS,53,72,0.00015620002523064613,0,0,0,True,0.35,0,0
DFS,51,69,0.00014490005560219288,0,0,0,True,0.35,0,1
DFS,51,82,0.00017160014249384403,0,0,0,True,0.35,0,2
DFS,55,60,0.0001300000585615635,0,0,0,True,0.35,0,3
DFS,67,159,0.0003347999881953001,0,0,0,True,0.35,0,4
DFS,57,142,0.0002987000625580549,0,0,0,True,0.35,0,5
DFS,73,107,0.00022859987802803516,0,0,0,True,0.35,0,6
DFS,37,54,0.00011399993672966957,0,0,0,True,0.35,0,7
DFS,65,73,0.0001575998030602932,0,0,0,True,0.35,0,8
DFS,59,64,0.00014219991862773895,0,0,0,True,0.35,0,9
DFS,63,83,0.00017959997057914734,0,0,0,True,0.35,0,10
DFS,77,125,0.0002638001460582018,0,0,0,True,0.35,0,11
DFS,53,105,0.0002155001275241375,0,0,0,True,0.35,0,12
DFS,43,124,0.0002538999542593956,0,0,0,True,0.35,0,13
DFS,55,90,0.00019410019740462303,0,0,0,True,0.35,0,14
DFS,59,90,0.00019180006347596645,0,0,0,True,0.35,0,15
DFS,73,83,0.00031530018895864487,0,0,0,True,0.35,0,16
DFS,69,127,0.0004795999266207218,0,0,0,True,0.35,0,17
DFS,47,66,0.00024880003184080124,0,0,0,True,0.35,0,18
DFS,47,144,0.0005157999694347382,0,0,0,True,0.35,0,19
DFS,65,68,0.00026110000908374786,0,0,0,True,0.35,0,20
DFS,39,44,9.709992446005344e-05,0,0,0,True,0.35,0,21
DFS,37,111,0.00022279983386397362,0,0,0,True,0.35,0,22
DFS,79,155,0.00031979987397789955,0,0,0,True,0.35,0,23
DFS,51,66,0.00013979990035295486,0,0,0,True,0.35,0,24
DFS,53,100,0.0002117999829351902,0,0,0,True,0.35,0,25
DFS,57,102,0.00021440000273287296,0,0,0,True,0.35,0,26
DFS,61,85,0.00018289987929165363,0,0,0,True,0.35,0,27
DFS,53,84,0.00017400016076862812,0,0,0,True,0.35,0,28
DFS,43,53,0.0002117000985890627,0,0,0,True,0.35,0,29
DFS,48,220,0.0005226999055594206,2,2,1,True,0.35,2,0
DFS,81,1199,0.0029064996633678675,8,8,10,True,0.35,2,1
DFS,73,93,0.00021319999359548092,0,0,0,True,0.35,2,2
DFS,343,8784,0.019783901516348124,32,32,20,True,0.35,2,3
DFS,47,242,0.000543499831110239,1,1,0,True,0.35,2,4
DFS,47,319,0.000718400115147233,2,2,0,True,0.35,2,5
DFS,59,305,0.0006981999613344669,3,3,0,True,0.35,2,6
DFS,44,279,0.0006354001816362143,3,3,1,True,0.35,2,7
DFS,61,992,0.0021828999742865562,5,5,0,True,0.35,2,8
DFS,77,606,0.0014254993293434381,4,4,1,True,0.35,2,9
DFS,392,26578,0.061908598290756345,93,93,45,True,0.35,2,10
DFS,76,269,0.0011921001132577658,2,2,1,True,0.35,2,11
DFS,121,5086,0.012583199655637145,44,44,19,True,0.35,2,12
DFS,71,2212,0.004934498341754079,14,14,4,True,0.35,2,13
DFS,73,310,0.0007311999797821045,3,3,0,True,0.35,2,14
DFS,71,266,0.0005977998953312635,1,1,0,True,0.35,2,15
DFS,117,3795,0.008598401211202145,24,24,4,True,0.35,2,16
DFS,81,387,0.0008888000156730413,3,3,0,True,0.35,2,17
DFS,65,664,0.001525200204923749,5,5,0,True,0.35,2,18
DFS,390,16376,0.049338598968461156,110,110,30,False,0.35,2,19
DFS,137,2153,0.005130399949848652,11,11,13,True,0.35,2,20
DFS,62,367,0.0008690000977367163,5,5,5,True,0.35,2,21
DFS,82,1729,0.004278500331565738,12,12,8,True,0.35,2,22
DFS,55,121,0.0002963002771139145,1,1,0,True,0.35,2,23
DFS,63,73,0.0001721000298857689,0,0,0,True,0.35,2,24
DFS,103,2951,0.009650400606915355,12,12,8,True,0.35,2,25
DFS,83,409,0.0009602000936865807,2,2,0,True,0.35,2,26
DFS,421,10020,0.03288790094666183,77,77,33,False,0.35,2,27
DFS,167,4519,0.014079000102356076,13,13,5,True,0.35,2,28
DFS,109,1801,0.007114199921488762,17,17,12,True,0.35,2,29
DFS,35,256,0.000960000092163682,1,1,0,True,0.35,4,0
DFS,182,3469,0.010168400825932622,39,39,37,True,0.35,4,1
DFS,124,3808,0.011283898493275046,37,37,11,True,0.35,4,2
DFS,381,7531,0.01888820040039718,53,53,8,True,0.35,4,3
DFS,143,6883,0.02116830018348992,62,62,25,True,0.35,4,4
DFS,59,272,0.0009998995810747147,2,2,6,True,0.35,4,5
DFS,59,1133,0.0025105003733187914,5,5,0,True,0.35,4,6
DFS,311,11564,0.029733700677752495,96,96,35,True,0.35,4,7
DFS,263,6419,0.017980599077418447,74,74,35,True,0.35,4,8
DFS,39,994,0.0022448997478932142,8,8,0,True,0.35,4,9
DFS,428,20803,0.05325309792533517,70,70,23,False,0.35,4,10
DFS,70,1607,0.003754399251192808,11,11,1,True,0.35,4,11
DFS,167,7289,0.016569400439038873,40,40,11,True,0.35,4,12
DFS,373,24219,0.05944980098865926,94,94,64,True,0.35,4,13
DFS,79,1786,0.004286300390958786,24,24,10,True,0.35,4,14
DFS,105,1889,0.004241699818521738,9,9,12,True,0.35,4,15
DFS,67,828,0.0018637997563928366,7,7,11,True,0.35,4,16
DFS,128,3335,0.007659400347620249,32,32,19,True,0.35,4,17
DFS,428,13708,0.03596519911661744,72,72,50,False,0.35,4,18
DFS,89,2065,0.004702699836343527,13,13,9,True,0.35,4,19
DFS,103,1039,0.00368130044080317,11,11,6,True,0.35,4,20
DFS,132,4406,0.017476300708949566,30,30,6,True,0.35,4,21
DFS,359,26208,0.07549020391888916,128,128,47,True,0.35,4,22
DFS,244,10899,0.02905859937891364,72,72,79,True,0.35,4,23
DFS,91,1728,0.004350499948486686,11,11,2,True,0.35,4,24
DFS,343,17161,0.04314329870976508,65,65,24,True,0.35,4,25
DFS,102,3315,0.009620200609788299,28,28,16,True,0.35,4,26
DFS,79,1461,0.004962300416082144,14,14,2,True,0.35,4,27
DFS,341,9118,0.02193899964913726,92,92,0,True,0.35,4,28
DFS,60,332,0.0007476001046597958,4,4,4,True,0.35,4,29
DFS,156,3661,0.010229800594970584,39,39,18,True,0.35,6,0
DFS,462,35281,0.09500580094754696,38,38,27,False,0.35,6,1
DFS,394,26125,0.07881489838473499,106,106,42,False,0.35,6,2
DFS,169,6959,0.01831939909607172,42,42,11,True,0.35,6,3
DFS,150,3935,0.011763599934056401,35,35,37,True,0.35,6,4
DFS,245,6484,0.0211523009929806,60,60,113,True,0.35,6,5
DFS,198,7357,0.01942369993776083,70,70,56,True,0.35,6,6
DFS,396,16020,0.04615759872831404,104,104,33,False,0.35,6,7
DFS,293,11099,0.03240200038999319,93,93,14,True,0.35,6,8
DFS,394,19158,0.052306598983705044,106,106,116,False,0.35,6,9
DFS,86,3440,0.010221600765362382,20,20,18,True,0.35,6,10
DFS,325,18641,0.04201550129801035,32,32,65,True,0.35,6,11
DFS,331,11052,0.02621230063959956,69,69,63,True,0.35,6,12
DFS,242,10731,0.02414669981226325,63,63,108,True,0.35,6,13
DFS,157,5248,0.013373700669035316,41,41,0,True,0.35,6,14
DFS,460,19407,0.04939890163950622,40,40,96,False,0.35,6,15
DFS,96,2372,0.0076788009610027075,21,21,13,True,0.35,6,16
DFS,146,5304,0.015064399223774672,33,33,40,True,0.35,6,17
DFS,312,13244,0.03258090210147202,75,75,34,True,0.35,6,18
DFS,355,12193,0.03925120015628636,111,111,35,True,0.35,6,19
DFS,438,30839,0.07540449919179082,62,62,49,False,0.35,6,20
DFS,346,7598,0.017366399988532066,47,47,43,True,0.35,6,21
DFS,384,16246,0.0398335971403867,105,105,64,True,0.35,6,22
DFS,84,4291,0.011762099573388696,18,18,2,True,0.35,6,23
DFS,370,11999,0.039088099263608456,129,129,47,False,0.35,6,24
DFS,277,9950,0.031999299535527825,77,77,47,True,0.35,6,25
DFS,383,12921,0.031167799141258,115,115,83,False,0.35,6,26
DFS,164,8462,0.022372900741174817,66,66,20,True,0.35,6,27
DFS,303,22764,0.0625654999166727,76,76,48,True,0.35,6,28
DFS,195,9361,0.024250600254163146,65,65,27,True,0.35,6,29
BFS,29,262,0.0005799001082777977,0,0,0,True,0.15,0,0
BFS,29,260,0.0005324999801814556,0,0,0,True,0.15,0,1
BFS,29,261,0.0006645000539720058,0,0,0,True,0.15,0,2
BFS,29,252,0.0007229000329971313,0,0,0,True,0.15,0,3
BFS,29,252,0.0005286999512463808,0,0,0,True,0.15,0,4
BFS,29,242,0.0005036001093685627,0,0,0,True,0.15,0,5
BFS,29,255,0.0005200000014156103,0,0,0,True,0.15,0,6
BFS,29,257,0.0005385000258684158,0,0,0,True,0.15,0,7
BFS,29,248,0.0005252999253571033,0,0,0,True,0.15,0,8
BFS,29,261,0.0005437999498099089,0,0,0,True,0.15,0,9
BFS,29,250,0.0007890001870691776,0,0,0,True,0.15,0,10
BFS,29,244,0.0004904000088572502,0,0,0,True,0.15,0,11
BFS,29,250,0.0004876998718827963,0,0,0,True,0.15,0,12
BFS,31,252,0.0005197001155465841,0,0,0,True,0.15,0,13
BFS,29,245,0.0005020000971853733,0,0,0,True,0.15,0,14
BFS,29,256,0.0005278000608086586,0,0,0,True,0.15,0,15
BFS,29,242,0.0005065998993813992,0,0,0,True,0.15,0,16
BFS,29,246,0.0007659001275897026,0,0,0,True,0.15,0,17
BFS,29,256,0.0005228999070823193,0,0,0,True,0.15,0,18
BFS,29,250,0.0004957998171448708,0,0,0,True,0.15,0,19
BFS,29,252,0.000721300020813942,0,0,0,True,0.15,0,20
BFS,29,250,0.0009031998924911022,0,0,0,True,0.15,0,21
BFS,29,263,0.0007055001333355904,0,0,0,True,0.15,0,22
BFS,29,246,0.0005538999103009701,0,0,0,True,0.15,0,23
BFS,29,250,0.0009659999050199986,0,0,0,True,0.15,0,24
BFS,29,256,0.0006538999732583761,0,0,0,True,0.15,0,25
BFS,29,249,0.0008753999136388302,0,0,0,True,0.15,0,26
BFS,29,249,0.0008831999730318785,0,0,0,True,0.15,0,27
BFS,29,255,0.0005266999360173941,0,0,0,True,0.15,0,28
BFS,29,241,0.0004911997821182013,0,0,0,True,0.15,0,29
BFS,47,1150,0.0043214005418121815,4,4,0,True,0.15,2,0
BFS,33,1609,0.003639899892732501,5,5,0,True,0.15,2,1
BFS,47,3234,0.007802300155162811,13,13,0,True,0.15,2,2
BFS,36,802,0.0029390996787697077,3,3,7,True,0.15,2,3
BFS,29,967,0.0033652998972684145,3,3,0,True,0.15,2,4
BFS,41,1784,0.004083899548277259,8,8,4,True,0.15,2,5
BFS,32,803,0.003050900297239423,3,3,1,True,0.15,2,6
BFS,35,2096,0.00493609975092113,12,12,0,True,0.15,2,7
BFS,39,1896,0.0042565998155623674,8,8,0,True,0.15,2,8
BFS,29,621,0.0018724000547081232,2,2,0,True,0.15,2,9
BFS,29,263,0.0010170000605285168,0,0,0,True,0.15,2,10
BFS,33,556,0.0016446998342871666,2,2,2,True,0.15,2,11
BFS,41,1235,0.004677499877288938,5,5,0,True,0.15,2,12
BFS,34,819,0.001932400045916438,3,3,1,True,0.15,2,13
BFS,29,248,0.0005395999178290367,0,0,0,True,0.15,2,14
BFS,29,750,0.0029456999618560076,3,3,0,True,0.15,2,15
BFS,29,612,0.002292199991643429,2,2,0,True,0.15,2,16
BFS,43,3269,0.01327899913303554,14,14,0,True,0.15,2,17
BFS,37,702,0.0027793000917881727,2,2,7,True,0.15,2,18
BFS,39,2170,0.005388000514358282,7,7,2,True,0.15,2,19
BFS,31,579,0.0012827999889850616,2,2,0,True,0.15,2,20
BFS,29,255,0.0005681000184267759,0,0,0,True,0.15,2,21
BFS,29,777,0.002579599851742387,2,2,0,True,0.15,2,22
BFS,33,999,0.0038226002361625433,4,4,0,True,0.15,2,23
BFS,47,2387,0.006730599561706185,9,9,5,True,0.15,2,24
BFS,29,942,0.0020869001746177673,3,3,0,True,0.15,2,25
BFS,45,696,0.00180129986256361,2,2,0,True,0.15,2,26
BFS,47,2175,0.008638100000098348,8,8,0,True,0.15,2,27
BFS,35,1131,0.0026376002933830023,3,3,0,True,0.15,2,28
BFS,29,253,0.0006244000978767872,0,0,0,True,0.15,2,29
BFS,37,956,0.003279800061136484,4,4,0,True,0.15,4,0
BFS,80,6326,0.021151400869712234,25,25,2,True,0.15,4,1
BFS,33,826,0.0019227999728173018,2,2,0,True,0.15,4,2
BFS,61,3556,0.010195700451731682,15,15,12,True,0.15,4,3
BFS,37,1330,0.0031067002564668655,6,6,0,True,0.15,4,4
BFS,91,6581,0.01818730030208826,28,28,34,True,0.15,4,5
BFS,33,889,0.001998299965634942,3,3,0,True,0.15,4,6
BFS,34,1804,0.004111399874091148,7,7,1,True,0.15,4,7
BFS,73,4636,0.011768099619075656,20,20,10,True,0.15,4,8
BFS,29,249,0.0005304999649524689,0,0,0,True,0.15,4,9
BFS,47,2660,0.0067486995831131935,11,11,7,True,0.15,4,10
BFS,29,251,0.0006061000749468803,0,0,0,True,0.15,4,11
BFS,103,10577,0.026512700598686934,44,44,6,True,0.15,4,12
BFS,41,3290,0.007985500618815422,13,13,0,True,0.15,4,13
BFS,77,4424,0.013014799915254116,20,20,24,True,0.15,4,14
BFS,39,1546,0.00485929986461997,6,6,0,True,0.15,4,15
BFS,29,255,0.0005526000168174505,0,0,0,True,0.15,4,16
BFS,47,2445,0.005835199728608131,10,10,0,True,0.15,4,17
BFS,56,4089,0.011651299893856049,19,19,7,True,0.15,4,18
BFS,50,2861,0.011027500033378601,13,13,2,True,0.15,4,19
BFS,47,2880,0.008221199735999107,8,8,4,True,0.15,4,20
BFS,48,897,0.003590099746361375,3,3,1,True,0.15,4,21
BFS,43,1639,0.00410290015861392,7,7,9,True,0.15,4,22
BFS,31,1232,0.004677999764680862,4,4,0,True,0.15,4,23
BFS,30,755,0.0017291000112891197,2,2,1,True,0.15,4,24
BFS,178,9331,0.02131720003671944,40,40,53,True,0.15,4,25
BFS,29,840,0.0020409005228430033,3,3,0,True,0.15,4,26
BFS,63,4847,0.015709600411355495,21,21,4,True,0.15,4,27
BFS,43,1891,0.006771000800654292,7,7,5,True,0.15,4,28
BFS,54,1675,0.004733500303700566,12,12,5,True,0.15,4,29
BFS,229,19625,0.06877240142785013,88,88,59,True,0.15,6,0
BFS,55,1091,0.003907599486410618,5,5,0,True,0.15,6,1
BFS,31,517,0.002022600034251809,4,4,0,True,0.15,6,2
BFS,107,13637,0.048450399190187454,50,50,8,True,0.15,6,3
BFS,113,10108,0.0335510007571429,41,41,44,True,0.15,6,4
BFS,65,1791,0.006531700259074569,8,8,0,True,0.15,6,5
BFS,69,6219,0.021568601485341787,27,27,12,True,0.15,6,6
BFS,95,10179,0.045616198563948274,39,39,12,True,0.15,6,7
BFS,95,6436,0.022607498336583376,23,23,7,True,0.15,6,8
BFS,102,7383,0.016844199737533927,29,29,11,True,0.15,6,9
BFS,122,10422,0.026599899400025606,40,40,49,True,0.15,6,10
BFS,67,6441,0.02282480034045875,27,27,7,True,0.15,6,11
BFS,43,1530,0.005284199956804514,6,6,0,True,0.15,6,12
BFS,33,1197,0.004840199835598469,5,5,0,True,0.15,6,13
BFS,118,11576,0.03506230050697923,36,36,34,True,0.15,6,14
BFS,47,1673,0.0036451006308197975,9,9,7,True,0.15,6,15
BFS,49,2279,0.005377600435167551,9,9,0,True,0.15,6,16
BFS,68,8800,0.026174399303272367,30,30,6,True,0.15,6,17
BFS,104,11748,0.04243610007688403,40,40,19,True,0.15,6,18
BFS,80,9504,0.026493500219658017,33,33,1,True,0.15,6,19
BFS,87,6515,0.014988600509241223,27,27,26,True,0.15,6,20
BFS,96,6987,0.021501099690794945,33,33,23,True,0.15,6,21
BFS,39,1572,0.0057032001204788685,6,6,2,True,0.15,6,22
BFS,56,5037,0.020509499590843916,22,22,9,True,0.15,6,23
BFS,227,25333,0.07212530169636011,110,110,51,True,0.15,6,24
BFS,39,1455,0.004105300875380635,8,8,0,True,0.15,6,25
BFS,211,23004,0.060314200818538666,73,73,44,True,0.15,6,26
BFS,230,15754,0.03690439974889159,76,76,61,True,0.15,6,27
BFS,59,6343,0.013681999873369932,19,19,5,True,0.15,6,28
BFS,33,1765,0.004076200304552913,8,8,1,True,0.15,6,29
BFS,29,201,0.0006061999592930079,0,0,0,True,0.25,0,0
BFS,29,217,0.0006530999671667814,0,0,0,True,0.25,0,1
BFS,29,210,0.000403599813580513,0,0,0,True,0.25,0,2
BFS,29,243,0.0004755000118166208,0,0,0,True,0.25,0,3
BFS,29,217,0.0004197000525891781,0,0,0,True,0.25,0,4
BFS,31,212,0.0004061001818627119,0,0,0,True,0.25,0,5
BFS,29,229,0.0004411002155393362,0,0,0,True,0.25,0,6
BFS,29,214,0.0004158997908234596,0,0,0,True,0.25,0,7
BFS,31,159,0.00030889990739524364,0,0,0,True,0.25,0,8
BFS,29,148,0.00028719985857605934,0,0,0,True,0.25,0,9
BFS,29,222,0.00043049990199506283,0,0,0,True,0.25,0,10
BFS,31,186,0.0004195000510662794,0,0,0,True,0.25,0,11
BFS,29,221,0.0004273999948054552,0,0,0,True,0.25,0,12
BFS,29,216,0.00044260011054575443,0,0,0,True,0.25,0,13
BFS,29,209,0.0004048000555485487,0,0,0,True,0.25,0,14
BFS,29,187,0.000363500090315938,0,0,0,True,0.25,0,15
BFS,29,217,0.0004217000678181648,0,0,0,True,0.25,0,16
BFS,29,232,0.0004476001486182213,0,0,0,True,0.25,0,17
BFS,29,219,0.00043480005115270615,0,0,0,True,0.25,0,18
BFS,31,226,0.0004525999538600445,0,0,0,True,0.25,0,19
BFS,29,222,0.00043809995986521244,0,0,0,True,0.25,0,20
BFS,29,230,0.00044329999946057796,0,0,0,True,0.25,0,21
BFS,29,214,0.00041450001299381256,0,0,0,True,0.25,0,22
BFS,29,223,0.0004330999217927456,0,0,0,True,0.25,0,23
BFS,29,223,0.0004466001410037279,0,0,0,True,0.25,0,24
BFS,29,196,0.00037700007669627666,0,0,0,True,0.25,0,25
BFS,29,192,0.0003729001618921757,0,0,0,True,0.25,0,26
BFS,29,208,0.00039989990182220936,0,0,0,True,0.25,0,27
BFS,29,225,0.0005584000609815121,0,0,0,True,0.25,0,28
BFS,29,222,0.0004259999841451645,0,0,0,True,0.25,0,29
BFS,31,321,0.0006829998455941677,1,1,0,True,0.25,2,0
BFS,57,2128,0.004452599911019206,10,10,3,True,0.25,2,1
BFS,61,409,0.00086939986795187,1,1,0,True,0.25,2,2
BFS,31,810,0.0016996001359075308,2,2,0,True,0.25,2,3
BFS,37,988,0.0021152000408619642,4,4,0,True,0.25,2,4
BFS,29,190,0.00039570010267198086,0,0,0,True,0.25,2,5
BFS,85,8048,0.01717650005593896,41,41,6,True,0.25,2,6
BFS,129,5472,0.015102699864655733,21,21,17,True,0.25,2,7
BFS,31,209,0.0006860001012682915,0,0,0,True,0.25,2,8
BFS,74,2038,0.005989000201225281,9,9,9,True,0.25,2,9
BFS,35,1297,0.0027340000960975885,7,7,1,True,0.25,2,10
BFS,62,4109,0.008715300355106592,17,17,5,True,0.25,2,11
BFS,29,206,0.00043109990656375885,0,0,0,True,0.25,2,12
BFS,73,4673,0.009952999418601394,18,18,5,True,0.25,2,13
BFS,49,4320,0.009654800174757838,17,17,1,True,0.25,2,14
BFS,35,1263,0.0026678999420255423,5,5,5,True,0.25,2,15
BFS,29,331,0.001041400246322155,1,1,0,True,0.25,2,16
BFS,31,469,0.0009830000344663858,1,1,0,True,0.25,2,17
BFS,39,1603,0.0034058995079249144,8,8,1,True,0.25,2,18
BFS,35,642,0.001453000120818615,2,2,0,True,0.25,2,19
BFS,29,540,0.0011392999440431595,2,2,0,True,0.25,2,20
BFS,43,520,0.001108500175178051,2,2,0,True,0.25,2,21
BFS,29,227,0.0004755000118166208,0,0,0,True,0.25,2,22
BFS,35,918,0.001954900100827217,4,4,2,True,0.25,2,23
BFS,29,169,0.0003562001511454582,0,0,0,True,0.25,2,24
BFS,29,920,0.0019394997507333755,4,4,0,True,0.25,2,25
BFS,29,230,0.0004800001624971628,0,0,0,True,0.25,2,26
BFS,33,389,0.0008112001232802868,1,1,0,True,0.25,2,27
BFS,29,210,0.00043390016071498394,0,0,0,True,0.25,2,28
BFS,100,4812,0.013532499084249139,18,18,10,True,0.25,2,29
BFS,47,2365,0.005075100809335709,10,10,6,True,0.25,4,0
BFS,95,6074,0.01743369991891086,29,29,19,True,0.25,4,1
BFS,45,2306,0.007003699894994497,15,15,2,True,0.25,4,2
BFS,89,4020,0.011494700098410249,18,18,8,True,0.25,4,3
BFS,76,7112,0.01854089996777475,28,28,6,True,0.25,4,4
BFS,139,13086,0.02857670048251748,47,47,27,True,0.25,4,5
BFS,55,3702,0.007963999873027205,16,16,7,True,0.25,4,6
BFS,31,503,0.0010546999983489513,2,2,0,True,0.25,4,7
BFS,51,3876,0.0082888996694237,14,14,9,True,0.25,4,8
BFS,31,490,0.0010222001001238823,2,2,0,True,0.25,4,9
BFS,43,1070,0.004017299739643931,4,4,0,True,0.25,4,10
BFS,44,2549,0.0055972004774957895,9,9,4,True,0.25,4,11
BFS,65,7097,0.01598869962617755,30,30,4,True,0.25,4,12
BFS,29,285,0.0006069999653846025,1,1,0,True,0.25,4,13
BFS,39,652,0.0013905998785048723,3,3,0,True,0.25,4,14
BFS,31,412,0.0008771000429987907,1,1,0,True,0.25,4,15
BFS,41,1816,0.003988700686022639,9,9,4,True,0.25,4,16
BFS,151,11475,0.02415780001319945,45,45,35,True,0.25,4,17
BFS,39,1599,0.0035420996136963367,6,6,0,True,0.25,4,18
BFS,84,6818,0.014724300242960453,31,31,5,True,0.25,4,19
BFS,45,2671,0.005788399372249842,12,12,0,True,0.25,4,20
BFS,43,2662,0.0057868994772434235,11,11,0,True,0.25,4,21
BFS,37,793,0.0017832994926720858,3,3,0,True,0.25,4,22
BFS,93,11519,0.036064098589122295,33,33,5,True,0.25,4,23
BFS,239,41084,0.1033392995595932,103,103,6,True,0.25,4,24
BFS,49,1847,0.004797900328412652,8,8,9,True,0.25,4,25
BFS,39,699,0.001926099881529808,2,2,0,True,0.25,4,26
BFS,75,5181,0.012077199062332511,21,21,1,True,0.25,4,27
BFS,52,5562,0.012740399222820997,23,23,4,True,0.25,4,28
BFS,41,2312,0.006692199967801571,9,9,2,True,0.25,4,29
BFS,147,14002,0.0366107989102602,63,63,40,True,0.25,6,0
BFS,49,2750,0.006105900276452303,15,15,0,True,0.25,6,1
BFS,96,8110,0.024146800627931952,38,38,12,True,0.25,6,2
BFS,109,13179,0.03641499998047948,45,45,13,True,0.25,6,3
BFS,29,208,0.00043550017289817333,0,0,0,True,0.25,6,4
BFS,33,700,0.001487999688833952,3,3,0,True,0.25,6,5
BFS,58,1838,0.0062654996290802956,8,8,7,True,0.25,6,6
BFS,139,8260,0.021380300167948008,32,32,69,True,0.25,6,7
BFS,39,1062,0.003584199817851186,4,4,0,True,0.25,6,8
BFS,55,1531,0.0037735002115368843,6,6,1,True,0.25,6,9
BFS,179,13473,0.03788519976660609,72,72,44,True,0.25,6,10
BFS,81,2771,0.0066627999767661095,12,12,12,True,0.25,6,11
BFS,165,23174,0.05475110071711242,78,78,20,True,0.25,6,12
BFS,134,20008,0.06103400094434619,71,71,15,True,0.25,6,13
BFS,70,3566,0.00792960007674992,14,14,26,True,0.25,6,14
BFS,95,12279,0.03780910023488104,45,45,16,True,0.25,6,15
BFS,168,16252,0.04417909821495414,69,69,35,True,0.25,6,16
BFS,55,3449,0.007315500406548381,15,15,12,True,0.25,6,17
BFS,114,9771,0.025679501006379724,42,42,21,True,0.25,6,18
BFS,91,6819,0.01510289846919477,36,36,11,True,0.25,6,19
BFS,47,1181,0.0024663000367581844,5,5,0,True,0.25,6,20
BFS,83,6677,0.014059299603104591,21,21,3,True,0.25,6,21
BFS,49,1025,0.003482100088149309,7,7,14,True,0.25,6,22
BFS,124,13673,0.030803600326180458,51,51,10,True,0.25,6,23
BFS,44,3401,0.009173200000077486,14,14,4,True,0.25,6,24
BFS,163,10003,0.024630100233480334,48,48,42,True,0.25,6,25
BFS,61,7155,0.015958000672981143,25,25,9,True,0.25,6,26
BFS,175,14029,0.03903739829547703,63,63,50,True,0.25,6,27
BFS,105,6752,0.0145008007530123,28,28,53,True,0.25,6,28
BFS,97,8397,0.017747699515894055,29,29,21,True,0.25,6,29
BFS,29,108,0.0002164000179618597,0,0,0,True,0.35,0,0
BFS,29,169,0.0003261000383645296,0,0,0,True,0.35,0,1
BFS,35,168,0.0003190001007169485,0,0,0,True,0.35,0,2
BFS,33,166,0.00031409994699060917,0,0,0,True,0.35,0,3
BFS,31,190,0.0003657001070678234,0,0,0,True,0.35,0,4
BFS,29,137,0.00026210001669824123,0,0,0,True,0.35,0,5
BFS,29,157,0.0006022998131811619,0,0,0,True,0.35,0,6
BFS,29,206,0.0003891999367624521,0,0,0,True,0.35,0,7
BFS,29,172,0.00035559991374611855,0,0,0,True,0.35,0,8
BFS,29,195,0.000377400079742074,0,0,0,True,0.35,0,9
BFS,29,162,0.00031489995308220387,0,0,0,True,0.35,0,10
BFS,29,197,0.0003744000568985939,0,0,0,True,0.35,0,11
BFS,29,189,0.0003637999761849642,0,0,0,True,0.35,0,12
BFS,31,166,0.0003190001007169485,0,0,0,True,0.35,0,13
BFS,33,152,0.00029760017059743404,0,0,0,True,0.35,0,14
BFS,29,183,0.0006560999900102615,0,0,0,True,0.35,0,15
BFS,31,202,0.00072310003452003,0,0,0,True,0.35,0,16
BFS,29,177,0.0006273998878896236,0,0,0,True,0.35,0,17
BFS,31,188,0.0006616997998207808,0,0,0,True,0.35,0,18
BFS,29,143,0.00048559997230768204,0,0,0,True,0.35,0,19
BFS,29,191,0.0003665999975055456,0,0,0,True,0.35,0,20
BFS,29,171,0.00032759993337094784,0,0,0,True,0.35,0,21
BFS,31,181,0.000341199804097414,0,0,0,True,0.35,0,22
BFS,33,182,0.0003796000964939594,0,0,0,True,0.35,0,23
BFS,31,168,0.0003182000946253538,0,0,0,True,0.35,0,24
BFS,29,171,0.0003245000261813402,0,0,0,True,0.35,0,25
BFS,29,165,0.00031530018895864487,0,0,0,True,0.35,0,26
BFS,29,187,0.00036159995943307877,0,0,0,True,0.35,0,27
BFS,31,144,0.0003104000352323055,0,0,0,True,0.35,0,28
BFS,29,132,0.00026670005172491074,0,0,0,True,0.35,0,29
BFS,35,435,0.0009050001390278339,2,2,0,True,0.35,2,0
BFS,59,1346,0.0029197996482253075,8,8,10,True,0.35,2,1
BFS,29,200,0.0006599000189453363,0,0,0,True,0.35,2,2
BFS,45,629,0.0013435997534543276,3,3,0,True,0.35,2,3
BFS,31,175,0.00035900017246603966,0,0,0,True,0.35,2,4
BFS,29,158,0.00032270001247525215,0,0,0,True,0.35,2,5
BFS,51,647,0.0013284001033753157,3,3,0,True,0.35,2,6
BFS,53,3029,0.00629379996098578,14,14,0,True,0.35,2,7
BFS,51,921,0.0023894000332802534,4,4,0,True,0.35,2,8
BFS,45,1388,0.004162599798291922,6,6,1,True,0.35,2,9
BFS,31,279,0.0007807000074535608,1,1,0,True,0.35,2,10
BFS,59,2534,0.0083580007776618,11,11,0,True,0.35,2,11
BFS,41,1540,0.003234999720007181,8,8,2,True,0.35,2,12
BFS,61,3038,0.006233799271285534,16,16,0,True,0.35,2,13
BFS,31,118,0.0002470000181347132,0,0,0,True,0.35,2,14
BFS,35,1699,0.005519000347703695,7,7,0,True,0.35,2,15
BFS,31,299,0.0006368998438119888,1,1,0,True,0.35,2,16
BFS,35,284,0.0006003000307828188,1,1,0,True,0.35,2,17
BFS,33,466,0.0009735003113746643,2,2,1,True,0.35,2,18
BFS,39,1314,0.0027174006681889296,9,9,1,True,0.35,2,19
BFS,45,3099,0.006470899097621441,13,13,1,True,0.35,2,20
BFS,29,163,0.0003353999927639961,0,0,0,True,0.35,2,21
BFS,124,6034,0.017707198159769177,28,28,29,True,0.35,2,22
BFS,29,147,0.00031729997135698795,0,0,0,True,0.35,2,23
BFS,33,340,0.0006961999461054802,1,1,0,True,0.35,2,24
BFS,45,757,0.0025479993782937527,5,5,0,True,0.35,2,25
BFS,45,385,0.0014639000874012709,1,1,0,True,0.35,2,26
BFS,34,847,0.0025440999306738377,4,4,1,True,0.35,2,27
BFS,39,2599,0.005441999761387706,8,8,1,True,0.35,2,28
BFS,53,2307,0.004833400482311845,10,10,7,True,0.35,2,29
BFS,85,3523,0.007679099217057228,37,37,5,True,0.35,4,0
BFS,45,1749,0.0038445000536739826,9,9,10,True,0.35,4,1
BFS,159,10588,0.030261900508776307,60,60,14,True,0.35,4,2
BFS,98,2825,0.007622500648722053,27,27,14,True,0.35,4,3
BFS,44,1070,0.0038087000139057636,6,6,13,True,0.35,4,4
BFS,55,1320,0.002785499906167388,8,8,8,True,0.35,4,5
BFS,39,1009,0.002118700183928013,4,4,1,True,0.35,4,6
BFS,133,11024,0.0253240002784878,52,52,29,True,0.35,4,7
BFS,107,8566,0.019586901180446148,47,47,5,True,0.35,4,8
BFS,129,13985,0.03322070138528943,45,45,14,True,0.35,4,9
BFS,410,15022,0.03901610104367137,83,83,169,True,0.35,4,10
BFS,319,28288,0.0733647991437465,71,71,37,True,0.35,4,11
BFS,325,35090,0.08863240014761686,128,128,50,True,0.35,4,12
BFS,148,9253,0.020143799018114805,44,44,38,True,0.35,4,13
BFS,41,775,0.002507600001990795,8,8,1,True,0.35,4,14
BFS,31,125,0.00025960011407732964,0,0,0,True,0.35,4,15
BFS,115,11952,0.025548501405864954,59,59,9,True,0.35,4,16
BFS,449,11439,0.027651300886645913,51,51,267,False,0.35,4,17
BFS,325,24542,0.06579370005056262,105,105,72,True,0.35,4,18
BFS,35,881,0.0018740999512374401,4,4,0,True,0.35,4,19
BFS,39,385,0.0008129999041557312,2,2,0,True,0.35,4,20
BFS,75,2642,0.00545030040666461,9,9,14,True,0.35,4,21
BFS,97,2802,0.006475799949839711,14,14,39,True,0.35,4,22
BFS,87,7123,0.019367000786587596,22,22,13,True,0.35,4,23
BFS,43,2536,0.005417399108409882,10,10,1,True,0.35,4,24
BFS,93,8814,0.0183649982791394,23,23,11,True,0.35,4,25
BFS,81,3060,0.006365399342030287,14,14,15,True,0.35,4,26
BFS,74,3883,0.008245000150054693,22,22,9,True,0.35,4,27
BFS,47,3156,0.006519700400531292,11,11,0,True,0.35,4,28
BFS,47,933,0.0019238998647779226,4,4,0,True,0.35,4,29
BFS,131,5407,0.013823400251567364,30,30,68,True,0.35,6,0
BFS,404,31528,0.0731437006033957,96,96,111,False,0.35,6,1
BFS,275,17830,0.04125740029849112,62,62,75,True,0.35,6,2
BFS,285,23696,0.06604830012656748,112,112,61,True,0.35,6,3
BFS,184,10715,0.023502501659095287,68,68,40,True,0.35,6,4
BFS,124,3732,0.007783800596371293,21,21,49,True,0.35,6,5
BFS,161,7866,0.02004250045865774,49,49,30,True,0.35,6,6
BFS,270,18140,0.04288920131511986,89,89,45,True,0.35,6,7
BFS,121,5443,0.014021099545061588,35,35,54,True,0.35,6,8
BFS,177,12166,0.04018399980850518,60,60,68,True,0.35,6,9
BFS,282,21893,0.0517963997554034,82,82,67,True,0.35,6,10
BFS,268,15842,0.03974959743209183,49,49,71,True,0.35,6,11
BFS,69,2554,0.005488799186423421,15,15,5,True,0.35,6,12
BFS,322,29706,0.07820369978435338,123,123,78,True,0.35,6,13
BFS,51,1039,0.0025408000219613314,6,6,6,True,0.35,6,14
BFS,385,22711,0.06103699980303645,34,34,37,True,0.35,6,15
BFS,132,9808,0.029628098709508777,59,59,30,True,0.35,6,16
BFS,118,9421,0.027010701596736908,51,51,21,True,0.35,6,17
BFS,91,6771,0.01864159991964698,38,38,13,True,0.35,6,18
BFS,52,2615,0.006105500506237149,14,14,9,True,0.35,6,19
BFS,236,20768,0.06450030067935586,22,22,46,True,0.35,6,20
BFS,79,3104,0.009344700956717134,12,12,15,True,0.35,6,21
BFS,95,3302,0.01126060076057911,18,18,45,True,0.35,6,22
BFS,183,15155,0.03543080133385956,68,68,35,True,0.35,6,23
BFS,138,7190,0.020473999436944723,47,47,31,True,0.35,6,24
BFS,111,6519,0.019092900678515434,41,41,27,True,0.35,6,25
BFS,375,20445,0.05022659990936518,125,125,124,False,0.35,6,26
BFS,70,6160,0.014271200401708484,30,30,8,True,0.35,6,27
BFS,75,5971,0.015808300580829382,19,19,9,True,0.35,6,28
BFS,63,5999,0.01266050012782216,29,29,2,True,0.35,6,29
A*,29,101,0.0007410000544041395,0,0,0,True,0.15,0,0
A*,29,170,0.0012469000648707151,0,0,0,True,0.15,0,1
A*,29,137,0.0005646999925374985,0,0,0,True,0.15,0,2
A*,29,171,0.0006893000099807978,0,0,0,True,0.15,0,3
A*,29,133,0.0005268999375402927,0,0,0,True,0.15,0,4
A*,29,164,0.0006577998865395784,0,0,0,True,0.15,0,5
A*,29,138,0.001088300021365285,0,0,0,True,0.15,0,6
A*,29,189,0.0014353001024574041,0,0,0,True,0.15,0,7
A*,29,125,0.0005191999953240156,0,0,0,True,0.15,0,8
A*,29,176,0.000721900025382638,0,0,0,True,0.15,0,9
A*,29,175,0.0007156000938266516,0,0,0,True,0.15,0,10
A*,29,134,0.0005446998402476311,0,0,0,True,0.15,0,11
A*,29,151,0.0005997000262141228,0,0,0,True,0.15,0,12
A*,31,191,0.0008758001495152712,0,0,0,True,0.15,0,13
A*,29,164,0.0006985999643802643,0,0,0,True,0.15,0,14
A*,29,164,0.0006956998258829117,0,0,0,True,0.15,0,15
A*,29,169,0.0007366000209003687,0,0,0,True,0.15,0,16
A*,29,148,0.0006174000445753336,0,0,0,True,0.15,0,17
A*,29,142,0.0005937002133578062,0,0,0,True,0.15,0,18
A*,29,137,0.0005672001279890537,0,0,0,True,0.15,0,19
A*,29,162,0.0007044000085443258,0,0,0,True,0.15,0,20
A*,29,152,0.0006502000615000725,0,0,0,True,0.15,0,21
A*,29,193,0.0009091000538319349,0,0,0,True,0.15,0,22
A*,29,148,0.0011066000442951918,0,0,0,True,0.15,0,23
A*,29,155,0.0006135001312941313,0,0,0,True,0.15,0,24
A*,29,187,0.0007577999494969845,0,0,0,True,0.15,0,25
A*,29,143,0.0005903001874685287,0,0,0,True,0.15,0,26
A*,29,200,0.0007905000820755959,0,0,0,True,0.15,0,27
A*,29,183,0.0007744999602437019,0,0,0,True,0.15,0,28
A*,29,147,0.0005960999988019466,0,0,0,True,0.15,0,29
A*,35,537,0.004446599865332246,4,4,0,True,0.15,2,0
A*,37,833,0.0061646997928619385,5,5,4,True,0.15,2,1
A*,59,1278,0.006267900345847011,7,7,0,True,0.15,2,2
A*,29,395,0.00282299960963428,2,2,0,True,0.15,2,3
A*,40,440,0.0034601998049765825,5,5,2,True,0.15,2,4
A*,29,168,0.0013110998552292585,0,0,0,True,0.15,2,5
A*,29,194,0.0011819000355899334,0,0,0,True,0.15,2,6
A*,29,383,0.00283290003426373,1,1,0,True,0.15,2,7
A*,31,441,0.0031354997772723436,2,2,0,True,0.15,2,8
A*,69,1181,0.007027499843388796,14,14,0,True,0.15,2,9
A*,37,1404,0.00799939944408834,13,13,0,True,0.15,2,10
A*,39,373,0.002889700001105666,2,2,0,True,0.15,2,11
A*,41,511,0.003265499835833907,4,4,4,True,0.15,2,12
A*,35,317,0.0013783001340925694,2,2,2,True,0.15,2,13
A*,98,1362,0.006420399993658066,15,15,10,True,0.15,2,14
A*,32,238,0.0013953999150544405,2,2,1,True,0.15,2,15
A*,44,356,0.002243500202894211,4,4,3,True,0.15,2,16
A*,51,2675,0.01786209992133081,12,12,4,True,0.15,2,17
A*,33,422,0.003301400225609541,3,3,0,True,0.15,2,18
A*,41,1286,0.007655099732801318,6,6,8,True,0.15,2,19
A*,45,1467,0.009040300268679857,7,7,8,True,0.15,2,20
A*,30,626,0.0029716002754867077,4,4,1,True,0.15,2,21
A*,69,1427,0.006306900177150965,7,7,4,True,0.15,2,22
A*,31,238,0.0011988000478595495,1,1,0,True,0.15,2,23
A*,33,396,0.0023928999435156584,2,2,1,True,0.15,2,24
A*,29,160,0.0008020999375730753,0,0,0,True,0.15,2,25
A*,31,477,0.002065500244498253,3,3,0,True,0.15,2,26
A*,35,693,0.0029798001050949097,4,4,0,True,0.15,2,27
A*,35,967,0.006624199682846665,4,4,0,True,0.15,2,28
A*,32,551,0.004247699864208698,3,3,3,True,0.15,2,29
A*,43,464,0.0031015996355563402,4,4,0,True,0.15,4,0
A*,29,302,0.001929400023072958,1,1,0,True,0.15,4,1
A*,51,2095,0.014012299478054047,10,10,0,True,0.15,4,2
A*,31,737,0.0048601997550576925,5,5,0,True,0.15,4,3
A*,55,1253,0.0064970997627824545,14,14,5,True,0.15,4,4
A*,30,340,0.002591300057247281,3,3,1,True,0.15,4,5
A*,45,1378,0.013620799640193582,10,10,1,True,0.15,4,6
A*,38,724,0.0058911999221891165,5,5,8,True,0.15,4,7
A*,36,436,0.0029171998612582684,3,3,5,True,0.15,4,8
A*,37,405,0.002883500186726451,2,2,0,True,0.15,4,9
A*,37,1137,0.010840199887752533,11,11,0,True,0.15,4,10
A*,33,572,0.0036369003355503082,8,8,7,True,0.15,4,11
A*,42,355,0.0025176999624818563,3,3,1,True,0.15,4,12
A*,61,2239,0.008836700115352869,16,16,0,True,0.15,4,13
A*,55,1961,0.010114900069311261,13,13,8,True,0.15,4,14
A*,32,217,0.000990200089290738,1,1,1,True,0.15,4,15
A*,70,977,0.005185500020161271,14,14,4,True,0.15,4,16
A*,49,1116,0.004458499839529395,5,5,1,True,0.15,4,17
A*,39,776,0.004261399619281292,10,10,8,True,0.15,4,18
A*,44,1229,0.007767099654302001,10,10,1,True,0.15,4,19
A*,35,1199,0.008805699879303575,6,6,0,True,0.15,4,20
A*,38,810,0.005623200675472617,8,8,1,True,0.15,4,21
A*,69,2033,0.016621100017800927,17,17,10,True,0.15,4,22
A*,50,1286,0.010428000008687377,8,8,1,True,0.15,4,23
A*,37,429,0.0022712997160851955,3,3,0,True,0.15,4,24
A*,145,4415,0.02096790075302124,38,38,33,True,0.15,4,25
A*,30,479,0.002210700185969472,4,4,4,True,0.15,4,26
A*,105,3947,0.02429550001397729,32,32,18,True,0.15,4,27
A*,39,905,0.0038404001388698816,8,8,2,True,0.15,4,28
A*,64,1834,0.012024500174447894,16,16,5,True,0.15,4,29
A*,45,558,0.0036512999795377254,7,7,1,True,0.15,6,0
A*,61,687,0.004389999900013208,8,8,0,True,0.15,6,1
A*,71,3683,0.027449600165709853,24,24,11,True,0.15,6,2
A*,53,1611,0.007035300834104419,14,14,5,True,0.15,6,3
A*,95,4950,0.021195399574935436,38,38,13,True,0.15,6,4
A*,33,1182,0.005377299850806594,10,10,1,True,0.15,6,5
A*,58,2482,0.012132599949836731,14,14,17,True,0.15,6,6
A*,202,11925,0.0665016018319875,73,73,40,True,0.15,6,7
A*,65,2163,0.012791399378329515,17,17,13,True,0.15,6,8
A*,57,2141,0.01209720061160624,13,13,7,True,0.15,6,9
A*,39,1167,0.005053000757470727,10,10,3,True,0.15,6,10
A*,48,1137,0.007939700037240982,11,11,7,True,0.15,6,11
A*,77,1616,0.007799599785357714,14,14,1,True,0.15,6,12
A*,100,4025,0.015799599699676037,36,36,18,True,0.15,6,13
A*,50,2413,0.009569399757310748,11,11,7,True,0.15,6,14
A*,37,443,0.0017760996706783772,4,4,0,True,0.15,6,15
A*,66,1432,0.005695800529792905,18,18,20,True,0.15,6,16
A*,99,5581,0.025183399440720677,32,32,20,True,0.15,6,17
A*,79,5231,0.021921800449490547,28,28,14,True,0.15,6,18
A*,71,1957,0.00766429933719337,18,18,15,True,0.15,6,19
A*,33,970,0.005208099959418178,7,7,2,True,0.15,6,20
A*,49,2057,0.008108400274068117,11,11,9,True,0.15,6,21
A*,37,954,0.0037939995527267456,7,7,1,True,0.15,6,22
A*,35,1005,0.004210600629448891,9,9,2,True,0.15,6,23
A*,75,3267,0.012575398432090878,26,26,18,True,0.15,6,24
A*,31,540,0.0021068998612463474,2,2,0,True,0.15,6,25
A*,46,1801,0.006977300392463803,11,11,9,True,0.15,6,26
A*,94,5095,0.0198377997148782,34,34,14,True,0.15,6,27
A*,60,2207,0.011121900053694844,11,11,15,True,0.15,6,28
A*,89,2652,0.01070050080306828,28,28,10,True,0.15,6,29
A*,29,99,0.0007600998505949974,0,0,0,True,0.25,0,0
A*,29,83,0.0006389999762177467,0,0,0,True,0.25,0,1
A*,29,85,0.0005360001232475042,0,0,0,True,0.25,0,2
A*,29,179,0.0011177998967468739,0,0,0,True,0.25,0,3
A*,29,114,0.0004531999584287405,0,0,0,True,0.25,0,4
A*,31,145,0.0005542999133467674,0,0,0,True,0.25,0,5
A*,29,109,0.0004219000693410635,0,0,0,True,0.25,0,6
A*,29,102,0.0004135000053793192,0,0,0,True,0.25,0,7
A*,31,112,0.00040369993075728416,0,0,0,True,0.25,0,8
A*,29,62,0.00023939996026456356,0,0,0,True,0.25,0,9
A*,29,108,0.00042239995673298836,0,0,0,True,0.25,0,10
A*,31,148,0.0005521001294255257,0,0,0,True,0.25,0,11
A*,29,136,0.0005143000744283199,0,0,0,True,0.25,0,12
A*,29,79,0.0003130000550299883,0,0,0,True,0.25,0,13
A*,29,148,0.0005748998373746872,0,0,0,True,0.25,0,14
A*,29,94,0.0003708999138325453,0,0,0,True,0.25,0,15
A*,29,103,0.0003937000874429941,0,0,0,True,0.25,0,16
A*,29,161,0.0006200999487191439,0,0,0,True,0.25,0,17
A*,29,102,0.00039529986679553986,0,0,0,True,0.25,0,18
A*,31,175,0.0006364998407661915,0,0,0,True,0.25,0,19
A*,29,147,0.0005787000991404057,0,0,0,True,0.25,0,20
A*,29,133,0.0008171000517904758,0,0,0,True,0.25,0,21
A*,29,102,0.0006340001709759235,0,0,0,True,0.25,0,22
A*,29,123,0.0007305999752134085,0,0,0,True,0.25,0,23
A*,29,108,0.0006933999247848988,0,0,0,True,0.25,0,24
A*,29,121,0.0007480999920517206,0,0,0,True,0.25,0,25
A*,29,70,0.0004267001058906317,0,0,0,True,0.25,0,26
A*,29,126,0.0004916000179946423,0,0,0,True,0.25,0,27
A*,29,142,0.0005499001126736403,0,0,0,True,0.25,0,28
A*,29,126,0.000503599876537919,0,0,0,True,0.25,0,29
A*,31,198,0.0007577999494969845,0,0,0,True,0.25,2,0
A*,70,1748,0.006505000637844205,15,15,2,True,0.25,2,1
A*,61,317,0.001245299819856882,3,3,1,True,0.25,2,2
A*,55,797,0.003135899780318141,6,6,22,True,0.25,2,3
A*,51,412,0.0017852999735623598,3,3,0,True,0.25,2,4
A*,29,110,0.00044329999946057796,0,0,0,True,0.25,2,5
A*,297,19386,0.08108629984781146,203,203,14,False,0.25,2,6
A*,49,580,0.002125500002875924,2,2,0,True,0.25,2,7
A*,55,785,0.0031764002051204443,5,5,1,True,0.25,2,8
A*,29,90,0.0003646998666226864,0,0,0,True,0.25,2,9
A*,33,408,0.0021842997521162033,4,4,0,True,0.25,2,10
A*,33,808,0.003240399993956089,7,7,1,True,0.25,2,11
A*,29,81,0.00033199996687471867,0,0,0,True,0.25,2,12
A*,97,3957,0.015062900260090828,23,23,0,True,0.25,2,13
A*,89,5375,0.02734070038422942,33,33,14,True,0.25,2,14
A*,35,583,0.00419699982739985,5,5,5,True,0.25,2,15
A*,29,85,0.0003537999000400305,0,0,0,True,0.25,2,16
A*,31,262,0.0010648001916706562,1,1,0,True,0.25,2,17
A*,43,1291,0.007067900383844972,13,13,0,True,0.25,2,18
A*,29,171,0.0007519999053329229,0,0,0,True,0.25,2,19
A*,33,358,0.0014037999790161848,3,3,0,True,0.25,2,20
A*,33,302,0.0011760001070797443,1,1,0,True,0.25,2,21
A*,29,128,0.0005244000349193811,0,0,0,True,0.25,2,22
A*,35,752,0.002846000250428915,4,4,2,True,0.25,2,23
A*,29,86,0.00035220012068748474,0,0,0,True,0.25,2,24
A*,29,139,0.0005614999681711197,1,1,0,True,0.25,2,25
A*,31,205,0.0008351998403668404,2,2,3,True,0.25,2,26
A*,32,194,0.0007600998505949974,1,1,1,True,0.25,2,27
A*,29,138,0.000556000042706728,1,1,0,True,0.25,2,28
A*,37,958,0.0037274998612701893,8,8,4,True,0.25,2,29
A*,170,7413,0.03129590046592057,68,68,42,True,0.25,4,0
A*,79,1606,0.00879739923402667,16,16,11,True,0.25,4,1
A*,45,1962,0.010197799187153578,15,15,2,True,0.25,4,2
A*,33,490,0.0019051993731409311,4,4,0,True,0.25,4,3
A*,45,1221,0.005140700377523899,14,14,0,True,0.25,4,4
A*,53,4623,0.01968069956637919,23,23,2,True,0.25,4,5
A*,51,2217,0.00961519917473197,16,16,4,True,0.25,4,6
A*,46,632,0.0024733999744057655,7,7,9,True,0.25,4,7
A*,47,1410,0.005468701012432575,10,10,4,True,0.25,4,8
A*,31,212,0.0008388999849557877,1,1,0,True,0.25,4,9
A*,35,783,0.003048800164833665,11,11,0,True,0.25,4,10
A*,382,40419,0.18618299928493798,118,118,87,False,0.25,4,11
A*,43,1669,0.006588801043108106,13,13,0,True,0.25,4,12
A*,29,93,0.0007109001744538546,0,0,0,True,0.25,4,13
A*,39,251,0.0018149996176362038,1,1,0,True,0.25,4,14
A*,37,218,0.0008906999137252569,1,1,0,True,0.25,4,15
A*,103,4104,0.02316799946129322,33,33,14,True,0.25,4,16
A*,85,2724,0.014391199219971895,18,18,28,True,0.25,4,17
A*,86,4408,0.02034600032493472,30,30,9,True,0.25,4,18
A*,43,1128,0.005053899949416518,8,8,1,True,0.25,4,19
A*,56,1895,0.00785010028630495,16,16,8,True,0.25,4,20
A*,75,4557,0.02001360012218356,28,28,2,True,0.25,4,21
A*,41,1115,0.004413699964061379,12,12,2,True,0.25,4,22
A*,73,2863,0.012151499511674047,16,16,12,True,0.25,4,23
A*,131,15022,0.06976410117931664,60,60,10,True,0.25,4,24
A*,49,847,0.0032678002025932074,8,8,9,True,0.25,4,25
A*,207,13439,0.05788970063440502,75,75,28,True,0.25,4,26
A*,63,1830,0.006908100098371506,12,12,13,True,0.25,4,27
A*,57,2852,0.01569249900057912,22,22,4,True,0.25,4,28
A*,39,1023,0.006507500074803829,8,8,1,True,0.25,4,29
A*,162,5083,0.022483300184831023,54,54,72,True,0.25,6,0
A*,43,1466,0.005798099795356393,9,9,0,True,0.25,6,1
A*,41,2026,0.00784100010059774,13,13,0,True,0.25,6,2
A*,93,4269,0.016437900019809604,37,37,15,True,0.25,6,3
A*,29,132,0.0005400998052209616,0,0,0,True,0.25,6,4
A*,65,2227,0.011294400552287698,19,19,10,True,0.25,6,5
A*,37,887,0.003484800225123763,7,7,0,True,0.25,6,6
A*,55,2431,0.013437999412417412,15,15,5,True,0.25,6,7
A*,29,395,0.0015112999826669693,3,3,0,True,0.25,6,8
A*,54,2822,0.011234900215640664,19,19,3,True,0.25,6,9
A*,351,14682,0.06229060096666217,149,149,116,False,0.25,6,10
A*,55,2474,0.01326780067756772,23,23,0,True,0.25,6,11
A*,97,4657,0.017731499625369906,31,31,18,True,0.25,6,12
A*,201,12657,0.050711604533717036,93,93,44,True,0.25,6,13
A*,71,2503,0.00986560108140111,22,22,20,True,0.25,6,14
A*,79,4509,0.020377500681206584,25,25,4,True,0.25,6,15
A*,55,1138,0.005373100051656365,12,12,6,True,0.25,6,16
A*,55,2480,0.009843600215390325,16,16,12,True,0.25,6,17
A*,33,924,0.0035064995754510164,5,5,0,True,0.25,6,18
A*,59,1506,0.00570490094833076,19,19,18,True,0.25,6,19
A*,115,9673,0.03630940057337284,52,52,9,True,0.25,6,20
A*,42,2257,0.01032709889113903,12,12,5,True,0.25,6,21
A*,33,636,0.0024047999177128077,7,7,0,True,0.25,6,22
A*,96,3784,0.021315900143235922,32,32,3,True,0.25,6,23
A*,147,5876,0.022390101104974747,63,63,42,True,0.25,6,24
A*,108,5618,0.023292300524190068,34,34,12,True,0.25,6,25
A*,288,24908,0.11543769994750619,130,130,59,True,0.25,6,26
A*,48,2077,0.012353400699794292,17,17,3,True,0.25,6,27
A*,58,1987,0.008897700114175677,14,14,11,True,0.25,6,28
A*,64,2458,0.0095126002561301,15,15,4,True,0.25,6,29
A*,29,52,0.0003185998648405075,0,0,0,True,0.35,0,0
A*,29,55,0.00035930005833506584,0,0,0,True,0.35,0,1
A*,35,100,0.0006029000505805016,0,0,0,True,0.35,0,2
A*,33,114,0.0004483000375330448,0,0,0,True,0.35,0,3
A*,31,119,0.0005169999785721302,0,0,0,True,0.35,0,4
A*,29,51,0.0002500999253243208,0,0,0,True,0.35,0,5
A*,29,98,0.0004265999887138605,0,0,0,True,0.35,0,6
A*,29,114,0.0004920999053865671,0,0,0,True,0.35,0,7
A*,29,96,0.0004118999931961298,0,0,0,True,0.35,0,8
A*,29,60,0.0002586999908089638,0,0,0,True,0.35,0,9
A*,29,76,0.0003432000521570444,0,0,0,True,0.35,0,10
A*,29,84,0.00037180003710091114,0,0,0,True,0.35,0,11
A*,29,77,0.0003228001296520233,0,0,0,True,0.35,0,12
A*,31,112,0.0004157000221312046,0,0,0,True,0.35,0,13
A*,33,94,0.0003597999457269907,0,0,0,True,0.35,0,14
A*,29,88,0.0003892001695930958,0,0,0,True,0.35,0,15
A*,31,111,0.0004281001165509224,0,0,0,True,0.35,0,16
A*,29,105,0.00042990013025701046,0,0,0,True,0.35,0,17
A*,31,119,0.000466400058940053,0,0,0,True,0.35,0,18
A*,29,69,0.000282099936157465,0,0,0,True,0.35,0,19
A*,29,95,0.0003785998560488224,0,0,0,True,0.35,0,20
A*,29,44,0.00018149986863136292,0,0,0,True,0.35,0,21
A*,31,111,0.00043460004962980747,0,0,0,True,0.35,0,22
A*,33,103,0.00040660006925463676,0,0,0,True,0.35,0,23
A*,31,84,0.00031960010528564453,0,0,0,True,0.35,0,24
A*,29,65,0.0002598001156002283,0,0,0,True,0.35,0,25
A*,29,68,0.0002812999300658703,0,0,0,True,0.35,0,26
A*,29,76,0.00030019995756447315,0,0,0,True,0.35,0,27
A*,31,80,0.0002951000351458788,0,0,0,True,0.35,0,28
A*,29,69,0.00026379991322755814,0,0,0,True,0.35,0,29
A*,35,257,0.00102830003015697,2,2,0,True,0.35,2,0
A*,59,999,0.004380199825391173,6,6,10,True,0.35,2,1
A*,29,146,0.000568899791687727,1,1,0,True,0.35,2,2
A*,45,382,0.002584700006991625,3,3,0,True,0.35,2,3
A*,31,89,0.00035699992440640926,0,0,0,True,0.35,2,4
A*,29,56,0.00024070008657872677,0,0,0,True,0.35,2,5
A*,49,452,0.002410199958831072,4,4,0,True,0.35,2,6
A*,43,1412,0.005387900397181511,15,15,0,True,0.35,2,7
A*,78,934,0.0058461998123675585,9,9,1,True,0.35,2,8
A*,41,636,0.0034368999768048525,3,3,0,True,0.35,2,9
A*,31,109,0.0004149999003857374,0,0,0,True,0.35,2,10
A*,59,1657,0.008716200944036245,11,11,0,True,0.35,2,11
A*,43,1109,0.003911799285560846,9,9,1,True,0.35,2,12
A*,45,1561,0.00764169916510582,10,10,1,True,0.35,2,13
A*,31,112,0.0007064999081194401,1,1,0,True,0.35,2,14
A*,51,946,0.00524159986525774,7,7,10,True,0.35,2,15
A*,32,172,0.0012966000940650702,1,1,1,True,0.35,2,16
A*,35,175,0.0011394999455660582,1,1,0,True,0.35,2,17
A*,29,95,0.00037949997931718826,0,0,0,True,0.35,2,18
A*,75,3098,0.012895699590444565,19,19,11,True,0.35,2,19
A*,111,4901,0.027892199344933033,21,21,23,True,0.35,2,20
A*,29,89,0.0006105001084506512,0,0,0,True,0.35,2,21
A*,56,1791,0.011021698359400034,11,11,8,True,0.35,2,22
A*,29,69,0.00047440011985599995,0,0,0,True,0.35,2,23
A*,33,241,0.0009717000648379326,1,1,0,True,0.35,2,24
A*,55,586,0.0022386000491678715,11,11,8,True,0.35,2,25
A*,45,248,0.0009449999779462814,1,1,0,True,0.35,2,26
A*,33,468,0.0017371999565511942,3,3,0,True,0.35,2,27
A*,39,1518,0.005573400296270847,8,8,1,True,0.35,2,28
A*,43,858,0.00329799996688962,6,6,3,True,0.35,2,29
A*,56,964,0.005807500332593918,15,15,5,True,0.35,4,0
A*,46,852,0.003693399718031287,8,8,12,True,0.35,4,1
A*,248,13206,0.06104559847153723,77,77,24,True,0.35,4,2
A*,53,929,0.0058987997472286224,6,6,0,True,0.35,4,3
A*,86,4198,0.015776601154357195,48,48,9,True,0.35,4,4
A*,176,7355,0.032761599170044065,73,73,26,True,0.35,4,5
A*,52,1286,0.004723099991679192,9,9,11,True,0.35,4,6
A*,102,3873,0.01729340013116598,26,26,22,True,0.35,4,7
A*,81,2509,0.012057100422680378,25,25,2,True,0.35,4,8
A*,59,1647,0.006110399728640914,20,20,4,True,0.35,4,9
A*,376,17016,0.06413980084471405,119,119,97,False,0.35,4,10
A*,147,9948,0.03643710049800575,41,41,12,True,0.35,4,11
A*,285,19935,0.08039280097000301,98,98,63,True,0.35,4,12
A*,161,8466,0.035741898929700255,50,50,29,True,0.35,4,13
A*,90,1772,0.008517598966136575,29,29,17,True,0.35,4,14
A*,31,98,0.000731899868696928,0,0,0,True,0.35,4,15
A*,77,2641,0.01017349911853671,30,30,5,True,0.35,4,16
A*,458,7056,0.029515499714761972,42,42,269,False,0.35,4,17
A*,153,8310,0.031456098426133394,56,56,26,True,0.35,4,18
A*,33,481,0.002022399799898267,5,5,2,True,0.35,4,19
A*,37,194,0.0013461001217365265,1,1,0,True,0.35,4,20
A*,57,2512,0.010459000943228602,10,10,0,True,0.35,4,21
A*,96,1901,0.006862999405711889,15,15,40,True,0.35,4,22
A*,106,8441,0.039456999162212014,35,35,4,True,0.35,4,23
A*,37,529,0.0019796998240053654,6,6,1,True,0.35,4,24
A*,101,7660,0.03199690021574497,33,33,13,True,0.35,4,25
A*,55,1831,0.007077499525621533,12,12,0,True,0.35,4,26
A*,53,2018,0.009865300264209509,19,19,1,True,0.35,4,27
A*,81,3772,0.015870800241827965,29,29,15,True,0.35,4,28
A*,47,656,0.002236899919807911,4,4,0,True,0.35,4,29
A*,57,1581,0.010462600039318204,15,15,10,True,0.35,6,0
A*,161,10385,0.05010729865171015,62,62,24,True,0.35,6,1
A*,125,7245,0.048666699789464474,42,42,22,True,0.35,6,2
A*,146,3924,0.018640599912032485,41,41,41,True,0.35,6,3
A*,161,4678,0.021059999708086252,47,47,43,True,0.35,6,4
A*,124,2629,0.016002700431272388,21,21,49,True,0.35,6,5
A*,183,5135,0.02357940166257322,38,38,62,True,0.35,6,6
A*,204,9595,0.04644800047390163,85,85,56,True,0.35,6,7
A*,122,4988,0.026039698626846075,54,54,14,True,0.35,6,8
A*,83,2188,0.012895999476313591,30,30,26,True,0.35,6,9
A*,141,9987,0.042698398465290666,56,56,17,True,0.35,6,10
A*,319,15506,0.07261249958537519,48,48,58,True,0.35,6,11
A*,49,1019,0.004274799721315503,9,9,3,True,0.35,6,12
A*,111,4897,0.029995799297466874,44,44,22,True,0.35,6,13
A*,51,1198,0.00723520084284246,10,10,0,True,0.35,6,14
A*,430,23702,0.08958820230327547,70,70,37,False,0.35,6,15
A*,75,3032,0.010956300655379891,30,30,10,True,0.35,6,16
A*,151,6075,0.022520701633766294,67,67,32,True,0.35,6,17
A*,66,3806,0.0158141003921628,28,28,2,True,0.35,6,18
A*,317,24521,0.09777350164949894,183,183,48,False,0.35,6,19
A*,236,20225,0.08819459867663682,22,22,46,True,0.35,6,20
A*,211,6124,0.027610599994659424,41,41,17,True,0.35,6,21
A*,221,9246,0.04866210091859102,79,79,72,True,0.35,6,22
A*,44,602,0.0031056003645062447,9,9,7,True,0.35,6,23
A*,244,10207,0.05880309920758009,125,125,36,True,0.35,6,24
A*,98,3515,0.014745100168511271,46,46,6,True,0.35,6,25
A*,343,15903,0.08345810230821371,155,155,73,False,0.35,6,26
A*,117,5008,0.04737169900909066,49,49,12,True,0.35,6,27
A*,78,4101,0.02123279869556427,18,18,10,True,0.35,6,28
A*,69,2379,0.013784000417217612,26,26,2,True,0.35,6,29
GA,39,720,0.059402399929240346,0,0,0,True,0.15,0,0
GA,37,80,0.010906200157478452,0,0,0,True,0.15,0,1
GA,35,80,0.01016990002244711,0,0,0,True,0.15,0,2
GA,33,80,0.012001999886706471,0,0,0,True,0.15,0,3
GA,41,640,0.045296299969777465,0,0,0,True,0.15,0,4
GA,47,1120,0.09068399993702769,0,0,0,True,0.15,0,5
GA,39,80,0.0092291000764817,0,0,0,True,0.15,0,6
GA,49,160,0.011203999863937497,0,0,0,True,0.15,0,7
GA,35,80,0.006794400047510862,0,0,0,True,0.15,0,8
GA,37,80,0.009527100017294288,0,0,0,True,0.15,0,9
GA,33,80,0.009772100020200014,0,0,0,True,0.15,0,10
GA,41,640,0.034846700029447675,0,0,0,True,0.15,0,11
GA,45,80,0.010596600128337741,0,0,0,True,0.15,0,12
GA,45,240,0.020293799927458167,0,0,0,True,0.15,0,13
GA,39,400,0.028829700080677867,0,0,0,True,0.15,0,14
GA,39,80,0.007624099962413311,0,0,0,True,0.15,0,15
GA,43,400,0.020707699935883284,0,0,0,True,0.15,0,16
GA,41,160,0.010358799947425723,0,0,0,True,0.15,0,17
GA,39,80,0.010628999909386039,0,0,0,True,0.15,0,18
GA,35,80,0.006680699996650219,0,0,0,True,0.15,0,19
GA,39,80,0.007270100060850382,0,0,0,True,0.15,0,20
GA,35,80,0.007410099962726235,0,0,0,True,0.15,0,21
GA,41,320,0.01728320005349815,0,0,0,True,0.15,0,22
GA,47,80,0.006665099877864122,0,0,0,True,0.15,0,23
GA,39,80,0.006700999801978469,0,0,0,True,0.15,0,24
GA,39,80,0.00708370003849268,0,0,0,True,0.15,0,25
GA,37,80,0.006580199813470244,0,0,0,True,0.15,0,26
GA,37,80,0.006939599988982081,0,0,0,True,0.15,0,27
GA,39,80,0.006581900175660849,0,0,0,True,0.15,0,28
GA,37,80,0.006983600091189146,0,0,0,True,0.15,0,29
GA,63,4720,0.2479258996900171,6,6,0,True,0.15,2,0
GA,57,77040,3.569498499855399,11,11,8,True,0.15,2,1
GA,57,2320,0.14942890009842813,6,6,1,True,0.15,2,2
GA,49,26000,1.199606399750337,5,5,2,True,0.15,2,3
GA,41,3920,0.20949230017140508,1,1,0,True,0.15,2,4
GA,39,320,0.022433799924328923,1,1,0,True,0.15,2,5
GA,39,240,0.03529460006393492,2,2,0,True,0.15,2,6
GA,41,80,0.007855500094592571,0,0,0,True,0.15,2,7
GA,35,80,0.00748370005749166,0,0,0,True,0.15,2,8
GA,39,800,0.050659199943766,3,3,0,True,0.15,2,9
GA,54,32800,1.3330547001678497,12,12,6,True,0.15,2,10
GA,75,133920,5.287907499819994,13,13,1,True,0.15,2,11
GA,41,12320,0.5033135002013296,2,2,0,True,0.15,2,12
GA,41,80,0.007327600149437785,0,0,0,True,0.15,2,13
GA,73,6560,0.2949546999298036,6,6,6,True,0.15,2,14
GA,49,12560,0.48189290007576346,3,3,2,True,0.15,2,15
GA,47,24240,0.9232090001460165,3,3,0,True,0.15,2,16
GA,35,400,0.036285500042140484,4,4,0,True,0.15,2,17
GA,61,2080,0.12693349993787706,9,9,0,True,0.15,2,18
GA,61,60720,2.408251699991524,8,8,4,True,0.15,2,19
GA,43,36240,1.3978439003694803,3,3,1,True,0.15,2,20
GA,39,240,0.01821520016528666,2,2,2,True,0.15,2,21
GA,42,480,0.030124699929729104,2,2,1,True,0.15,2,22
GA,38,1120,0.060320200165733695,3,3,1,True,0.15,2,23
GA,33,800,0.045011499896645546,3,3,0,True,0.15,2,24
GA,32,160,0.012381700100377202,1,1,1,True,0.15,2,25
GA,59,16880,0.6556471001822501,5,5,0,True,0.15,2,26
GA,35,80,0.00688360002823174,0,0,0,True,0.15,2,27
GA,43,320,0.01920170010998845,3,3,1,True,0.15,2,28
GA,37,2000,0.09856689954176545,4,4,2,True,0.15,2,29
GA,48,62800,2.483420200413093,15,15,1,True,0.15,4,0
GA,31,160,0.013580900151282549,1,1,0,True,0.15,4,1
GA,109,233600,9.485138199524954,21,21,25,True,0.15,4,2
GA,71,76240,3.044156999560073,8,8,9,True,0.15,4,3
GA,82,105600,4.7791467003989965,16,16,13,True,0.15,4,4
GA,70,73600,3.0804065000265837,12,12,8,True,0.15,4,5
GA,47,2000,0.11042640008963645,8,8,3,True,0.15,4,6
GA,49,108560,4.195692999754101,10,10,2,True,0.15,4,7
GA,79,37520,1.5254036001861095,7,7,5,True,0.15,4,8
GA,47,50400,1.9897018990013748,11,11,7,True,0.15,4,9
GA,35,14560,0.596348499879241,5,5,0,True,0.15,4,10
GA,35,80,0.007029399974271655,0,0,0,True,0.15,4,11
GA,49,240,0.02058969996869564,2,2,0,True,0.15,4,12
GA,203,598080,24.06342659983784,62,62,47,True,0.15,4,13
GA,37,48320,2.037118000211194,3,3,2,True,0.15,4,14
GA,49,66080,2.6177067002281547,9,9,1,True,0.15,4,15
GA,55,52000,2.150103800231591,9,9,7,True,0.15,4,16
GA,51,480,0.03199789975769818,4,4,8,True,0.15,4,17
GA,57,49440,2.1563874997664243,7,7,8,True,0.15,4,18
GA,37,240,0.021120700053870678,2,2,0,True,0.15,4,19
GA,63,67840,2.6029022003058344,6,6,0,True,0.15,4,20
GA,45,13840,0.5505373000632972,5,5,0,True,0.15,4,21
GA,41,560,0.02999949990771711,1,1,0,True,0.15,4,22
GA,60,22960,1.0775799001567066,7,7,3,True,0.15,4,23
GA,37,5920,0.3378040997777134,2,2,1,True,0.15,4,24
GA,79,147280,5.938372399890795,19,19,12,True,0.15,4,25
GA,49,46960,1.9321922999806702,6,6,0,True,0.15,4,26
GA,39,240,0.017501200083643198,2,2,0,True,0.15,4,27
GA,51,48480,1.9246568998787552,8,8,5,True,0.15,4,28
GA,37,24400,0.9620236000046134,4,4,3,True,0.15,4,29
GA,61,91840,3.7116242996416986,10,10,14,True,0.15,6,0
GA,99,208320,8.427271499764174,22,22,19,True,0.15,6,1
GA,37,36560,1.757219199789688,4,4,0,True,0.15,6,2
GA,66,168960,6.7660556002520025,15,15,20,True,0.15,6,3
GA,98,332240,13.288570199394599,35,35,28,True,0.15,6,4
GA,33,160,0.011853800155222416,1,1,4,True,0.15,6,5
GA,51,96400,3.922909000189975,9,9,6,True,0.15,6,6
GA,109,397440,15.855713299941272,33,33,26,True,0.15,6,7
GA,71,192720,7.776869700290263,18,18,9,True,0.15,6,8
GA,66,180480,7.279618900036439,15,15,9,True,0.15,6,9
GA,119,447760,17.836075399070978,46,46,30,True,0.15,6,10
GA,128,318560,12.824769200757146,30,30,22,True,0.15,6,11
GA,83,145440,5.8562751992139965,14,14,25,True,0.15,6,12
GA,76,44880,1.7958097998052835,22,22,17,True,0.15,6,13
GA,144,292640,12.14749770029448,28,28,40,True,0.15,6,14
GA,88,313520,12.399660500697792,31,31,9,True,0.15,6,15
GA,56,205360,8.188482299912721,19,19,6,True,0.15,6,16
GA,92,242400,9.564901199191809,21,21,14,True,0.15,6,17
GA,106,320000,13.124639098299667,39,39,16,True,0.15,6,18
GA,130,397280,15.742519801016897,37,37,23,True,0.15,6,19
GA,78,29440,1.279463800136,5,5,13,True,0.15,6,20
GA,37,36560,1.6300094001926482,7,7,5,True,0.15,6,21
GA,79,118960,5.131710899760947,15,15,7,True,0.15,6,22
GA,39,7440,0.331512599484995,6,6,0,True,0.15,6,23
GA,33,480,0.029165999963879585,2,2,0,True,0.15,6,24
GA,68,76800,3.122276999754831,15,15,10,True,0.15,6,25
GA,71,158880,6.443665600148961,16,16,16,True,0.15,6,26
GA,57,63760,2.656270100036636,10,10,3,True,0.15,6,27
GA,76,244080,9.97930909995921,20,20,9,True,0.15,6,28
GA,51,124480,5.1482575996778905,11,11,15,True,0.15,6,29
GA,49,1360,0.0554467998445034,0,0,0,True,0.25,0,0
GA,37,480,0.02244760002940893,0,0,0,True,0.25,0,1
GA,37,1200,0.05115499999374151,0,0,0,True,0.25,0,2
GA,35,1120,0.04864669987000525,0,0,0,True,0.25,0,3
GA,35,400,0.018526500090956688,0,0,0,True,0.25,0,4
GA,45,560,0.02542449999600649,0,0,0,True,0.25,0,5
GA,43,560,0.024755599908530712,0,0,0,True,0.25,0,6
GA,35,960,0.04435119987465441,0,0,0,True,0.25,0,7
GA,41,12080,0.510393199743703,0,0,0,True,0.25,0,8
GA,37,480,0.023716900032013655,0,0,0,True,0.25,0,9
GA,43,240,0.013557499973103404,0,0,0,True,0.25,0,10
GA,37,480,0.025287600001320243,0,0,0,True,0.25,0,11
GA,41,160,0.015927799977362156,0,0,0,True,0.25,0,12
GA,41,640,0.04267709981650114,0,0,0,True,0.25,0,13
GA,41,160,0.010429299902170897,0,0,0,True,0.25,0,14
GA,43,160,0.01014010002836585,0,0,0,True,0.25,0,15
GA,35,960,0.042394000105559826,0,0,0,True,0.25,0,16
GA,41,80,0.0074974000453948975,0,0,0,True,0.25,0,17
GA,41,480,0.025088700000196695,0,0,0,True,0.25,0,18
GA,41,1440,0.07711760001257062,0,0,0,True,0.25,0,19
GA,37,80,0.006820899900048971,0,0,0,True,0.25,0,20
GA,37,80,0.0070356999058276415,0,0,0,True,0.25,0,21
GA,47,1040,0.055700300028547645,0,0,0,True,0.25,0,22
GA,37,720,0.034051400143653154,0,0,0,True,0.25,0,23
GA,35,560,0.03608260001055896,0,0,0,True,0.25,0,24
GA,41,80,0.007527200039476156,0,0,0,True,0.25,0,25
GA,37,1600,0.07404169999063015,0,0,0,True,0.25,0,26
GA,43,720,0.03869049996137619,0,0,0,True,0.25,0,27
GA,37,80,0.008250500075519085,0,0,0,True,0.25,0,28
GA,43,160,0.013295500073581934,0,0,0,True,0.25,0,29
GA,53,3840,0.16617580014280975,1,1,0,True,0.25,2,0
GA,37,13360,0.5553433999884874,1,1,0,True,0.25,2,1
GA,44,12640,0.514030999969691,2,2,1,True,0.25,2,2
GA,74,110080,4.354678299976513,13,13,9,True,0.25,2,3
GA,49,24960,1.0443243002519011,2,2,0,True,0.25,2,4
GA,35,13120,0.5251132999546826,1,1,0,True,0.25,2,5
GA,83,104720,3.9284560007508844,8,8,12,True,0.25,2,6
GA,56,86320,3.570738600101322,8,8,10,True,0.25,2,7
GA,41,13280,0.5245260999072343,2,2,0,True,0.25,2,8
GA,54,41920,1.6097123995423317,4,4,5,True,0.25,2,9
GA,41,36880,1.6543615004047751,6,6,0,True,0.25,2,10
GA,47,12640,0.46404749993234873,1,1,0,True,0.25,2,11
GA,41,14720,0.5731077000964433,2,2,0,True,0.25,2,12
GA,85,180240,6.441948999417946,3,3,1,True,0.25,2,13
GA,42,24560,0.9676117999479175,4,4,4,True,0.25,2,14
GA,55,63600,2.4376109002623707,5,5,1,True,0.25,2,15
GA,45,28640,1.2914937001187354,7,7,0,True,0.25,2,16
GA,109,336160,13.014815700473264,28,28,24,True,0.25,2,17
GA,209,833360,29.493107999674976,15,15,6,True,0.25,2,18
GA,37,160,0.010608599986881018,0,0,0,True,0.25,2,19
GA,63,36880,1.3710565003566444,4,4,8,True,0.25,2,20
GA,45,13520,0.6447272000368685,1,1,0,True,0.25,2,21
GA,83,97040,3.916104099713266,11,11,1,True,0.25,2,22
GA,37,720,0.033396099926903844,0,0,0,True,0.25,2,23
GA,47,49360,1.8790613999590278,7,7,5,True,0.25,2,24
GA,65,123120,4.812085399636999,11,11,4,True,0.25,2,25
GA,31,160,0.00890300003811717,1,1,0,True,0.25,2,26
GA,47,4480,0.1890735002234578,1,1,0,True,0.25,2,27
GA,49,12960,0.4869608997832984,1,1,0,True,0.25,2,28
GA,47,7280,0.3000213000923395,1,1,0,True,0.25,2,29
GA,67,158800,6.118627900490537,16,16,4,True,0.25,4,0
GA,51,77840,3.076459300238639,8,8,1,True,0.25,4,1
GA,45,1360,0.061331499833613634,1,1,0,True,0.25,4,2
GA,77,324640,12.172092100372538,27,27,8,True,0.25,4,3
GA,42,73360,2.800993000390008,7,7,7,True,0.25,4,4
GA,102,218800,8.758813998894766,17,17,41,True,0.25,4,5
GA,100,374880,14.505615399451926,37,37,22,True,0.25,4,6
GA,146,642000,25.92953330115415,47,47,41,True,0.25,4,7
GA,65,73680,3.0072685997001827,7,7,1,True,0.25,4,8
GA,44,2640,0.12519589997828007,1,1,5,True,0.25,4,9
GA,47,960,0.05443740007467568,0,0,0,True,0.25,4,10
GA,60,78320,3.499953400110826,7,7,6,True,0.25,4,11
GA,67,66640,2.793790999799967,11,11,12,True,0.25,4,12
GA,53,4160,0.17636789986863732,1,1,4,True,0.25,4,13
GA,60,132640,5.2790950001217425,13,13,5,True,0.25,4,14
GA,44,27120,1.087172199971974,4,4,5,True,0.25,4,15
GA,43,24160,0.9478217002470046,2,2,6,True,0.25,4,16
GA,100,172320,6.860965300351381,17,17,10,True,0.25,4,17
GA,57,110400,4.3640379996504635,11,11,6,True,0.25,4,18
GA,155,387840,15.89726800029166,31,31,18,True,0.25,4,19
GA,52,36800,1.399227799847722,3,3,3,True,0.25,4,20
GA,39,70560,3.1085549001581967,7,7,0,True,0.25,4,21
GA,98,222320,8.599851100239903,9,9,13,True,0.25,4,22
GA,41,23440,0.9671293999999762,4,4,1,True,0.25,4,23
GA,61,26480,1.2928561998996884,1,1,0,True,0.25,4,24
GA,123,304720,11.530855000019073,24,24,10,True,0.25,4,25
GA,93,229280,8.898284099530429,21,21,9,True,0.25,4,26
GA,58,121120,4.874789199791849,14,14,3,True,0.25,4,27
GA,68,111840,4.556346399942413,11,11,1,True,0.25,4,28
GA,49,9680,0.42640019999817014,2,2,0,True,0.25,4,29
GA,138,582400,23.341159900883213,48,48,50,True,0.25,6,0
GA,118,465040,18.539845100138336,48,48,26,True,0.25,6,1
GA,84,133040,5.614073200151324,13,13,10,True,0.25,6,2
GA,333,1482880,56.16370119876228,97,97,74,True,0.25,6,3
GA,499,2760080,94.07956779934466,1,1,10,False,0.25,6,4
GA,66,267120,10.679248500149697,28,28,8,True,0.25,6,5
GA,51,169280,6.693062899867073,14,14,7,True,0.25,6,6
GA,222,532000,20.96581619977951,57,57,55,True,0.25,6,7
GA,75,157040,6.011456500040367,12,12,15,True,0.25,6,8
GA,56,60320,2.604615500429645,7,7,3,True,0.25,6,9
GA,477,2640480,98.7044354013633,23,23,18,False,0.25,6,10
GA,65,180640,7.4603587000165135,15,15,9,True,0.25,6,11
GA,59,66480,2.7594464004505426,12,12,0,True,0.25,6,12
GA,118,362080,14.526424498064443,34,34,26,True,0.25,6,13
GA,71,236800,9.778671899810433,20,20,15,True,0.25,6,14
GA,257,872640,32.70758540043607,49,49,36,True,0.25,6,15
GA,154,472720,18.359167399816215,26,26,28,True,0.25,6,16
GA,67,56960,2.292206900427118,8,8,12,True,0.25,6,17
GA,107,229680,9.140545299043879,23,23,27,True,0.25,6,18
GA,96,259440,9.704806400462985,21,21,10,True,0.25,6,19
GA,146,363680,14.180124399717897,30,30,48,True,0.25,6,20
GA,97,330080,12.482683900510892,21,21,10,True,0.25,6,21
GA,43,400,0.01977530005387962,0,0,0,True,0.25,6,22
GA,35,60320,2.545877599855885,5,5,1,True,0.25,6,23
GA,48,97280,3.857428099727258,10,10,9,True,0.25,6,24
GA,130,503600,20.137802600860596,44,44,51,True,0.25,6,25
GA,131,361120,14.25921109993942,30,30,33,True,0.25,6,26
GA,43,110640,4.414316599490121,10,10,2,True,0.25,6,27
GA,161,433680,16.502339301165193,37,37,19,True,0.25,6,28
GA,99,68320,2.621300900122151,5,5,0,True,0.25,6,29
GA,41,160,0.009710599901154637,0,0,0,True,0.35,0,0
GA,41,12080,0.49799960013478994,0,0,0,True,0.35,0,1
GA,45,12080,0.45550079992972314,0,0,0,True,0.35,0,2
GA,43,2640,0.10957819991745055,0,0,0,True,0.35,0,3
GA,47,640,0.03197809983976185,0,0,0,True,0.35,0,4
GA,37,4080,0.16751979989930987,0,0,0,True,0.35,0,5
GA,37,80,0.0064583998173475266,0,0,0,True,0.35,0,6
GA,31,480,0.024606600170955062,0,0,0,True,0.35,0,7
GA,37,80,0.00677690003067255,0,0,0,True,0.35,0,8
GA,37,240,0.01295530004426837,0,0,0,True,0.35,0,9
GA,39,160,0.009733699960634112,0,0,0,True,0.35,0,10
GA,37,2000,0.0824645000975579,0,0,0,True,0.35,0,11
GA,37,2320,0.09483050019480288,0,0,0,True,0.35,0,12
GA,33,3280,0.13117419998161495,0,0,0,True,0.35,0,13
GA,39,12080,0.5384337997529656,0,0,0,True,0.35,0,14
GA,33,640,0.03070780006237328,0,0,0,True,0.35,0,15
GA,37,5280,0.24068220006302,0,0,0,True,0.35,0,16
GA,41,2320,0.11360400007106364,0,0,0,True,0.35,0,17
GA,41,4320,0.1794677001889795,0,0,0,True,0.35,0,18
GA,45,400,0.018946100026369095,0,0,0,True,0.35,0,19
GA,41,800,0.0341109000146389,0,0,0,True,0.35,0,20
GA,41,2080,0.08249110006727278,0,0,0,True,0.35,0,21
GA,35,240,0.01231039990670979,0,0,0,True,0.35,0,22
GA,53,18320,0.7149791999254376,0,0,0,True,0.35,0,23
GA,43,560,0.024860699893906713,0,0,0,True,0.35,0,24
GA,33,480,0.02256640000268817,0,0,0,True,0.35,0,25
GA,39,1440,0.06135479989461601,0,0,0,True,0.35,0,26
GA,37,560,0.02549690008163452,0,0,0,True,0.35,0,27
GA,33,6800,0.26831079996190965,0,0,0,True,0.35,0,28
GA,35,160,0.0097204998601228,0,0,0,True,0.35,0,29
GA,43,34560,1.3292308000382036,2,2,0,True,0.35,2,0
GA,386,1932080,71.02355079981498,14,14,30,True,0.35,2,1
GA,39,640,0.03321309993043542,1,1,0,True,0.35,2,2
GA,53,118720,4.597289600176737,8,8,2,True,0.35,2,3
GA,49,14400,0.5553958001546562,1,1,0,True,0.35,2,4
GA,41,880,0.03739519999362528,1,1,0,True,0.35,2,5
GA,61,78720,3.0973526001907885,8,8,5,True,0.35,2,6
GA,45,25040,0.9416627997998148,2,2,0,True,0.35,2,7
GA,84,73200,2.835972599685192,7,7,6,True,0.35,2,8
GA,66,134320,5.367216600570828,8,8,2,True,0.35,2,9
GA,37,13280,0.49507270008325577,2,2,0,True,0.35,2,10
GA,57,98080,3.9572542002424598,8,8,0,True,0.35,2,11
GA,49,134160,5.3257032001856714,11,11,2,True,0.35,2,12
GA,50,66240,2.5816307002678514,4,4,8,True,0.35,2,13
GA,43,15600,0.6884240000508726,2,2,0,True,0.35,2,14
GA,63,128240,4.653539400314912,8,8,15,True,0.35,2,15
GA,41,3760,0.16602970007807016,1,1,0,True,0.35,2,16
GA,47,60720,2.624058000044897,5,5,1,True,0.35,2,17
GA,47,17040,0.6602577001322061,3,3,0,True,0.35,2,18
GA,100,180240,6.654138499172404,15,15,13,True,0.35,2,19
GA,161,647200,24.216202199924737,10,10,36,True,0.35,2,20
GA,45,160,0.009745199931785464,0,0,0,True,0.35,2,21
GA,484,2940000,107.48071460030042,16,16,6,False,0.35,2,22
GA,39,960,0.0407049001660198,0,0,0,True,0.35,2,23
GA,498,2809520,98.33373779803514,2,2,9,False,0.35,2,24
GA,49,56000,2.241096300072968,5,5,1,True,0.35,2,25
GA,41,13360,0.4890090001281351,1,1,0,True,0.35,2,26
GA,207,682560,26.097802499542013,40,40,35,True,0.35,2,27
GA,81,231040,9.27125999936834,14,14,1,True,0.35,2,28
GA,47,30000,1.1941195998806506,2,2,0,True,0.35,2,29
GA,388,1698000,68.46631550067104,112,112,154,False,0.35,4,0
GA,108,430960,17.238608499523252,32,32,35,True,0.35,4,1
GA,479,2544000,96.16057529882528,21,21,50,False,0.35,4,2
GA,103,294960,11.729823100147769,24,24,4,True,0.35,4,3
GA,63,110960,4.333099499577656,11,11,5,True,0.35,4,4
GA,88,233520,9.166422900510952,19,19,13,True,0.35,4,5
GA,130,226320,9.019471798790619,19,19,16,True,0.35,4,6
GA,173,796080,31.161376398755237,46,46,42,True,0.35,4,7
GA,41,25120,0.9180031998548657,3,3,0,True,0.35,4,8
GA,39,13440,0.5196159996557981,1,1,0,True,0.35,4,9
GA,302,1004720,38.55252359970473,59,59,75,True,0.35,4,10
GA,88,116000,4.592223800020292,9,9,20,True,0.35,4,11
GA,159,626640,24.23780749947764,42,42,37,True,0.35,4,12
GA,129,211920,8.391751599730924,7,7,18,True,0.35,4,13
GA,309,1356080,55.912333799758926,85,85,79,True,0.35,4,14
GA,167,602480,23.724491298897192,36,36,25,True,0.35,4,15
GA,463,1681920,64.05154140060768,37,37,34,False,0.35,4,16
GA,459,2508000,93.77303149970248,40,40,93,False,0.35,4,17
GA,126,517120,20.233137199422345,20,20,12,True,0.35,4,18
GA,39,24640,0.9402875998057425,2,2,2,True,0.35,4,19
GA,76,158080,6.187558199511841,14,14,10,True,0.35,4,20
GA,490,2760400,101.65297950129025,10,10,6,False,0.35,4,21
GA,480,2184880,83.34214019938372,20,20,14,False,0.35,4,22
GA,467,2302000,85.06073650089093,33,33,19,False,0.35,4,23
GA,63,135920,5.575112100690603,11,11,5,True,0.35,4,24
GA,488,2642640,97.8782591004856,12,12,24,False,0.35,4,25
GA,471,2536800,90.87843909976073,29,29,11,False,0.35,4,26
GA,49,29200,1.1270585001911968,2,2,0,True,0.35,4,27
GA,376,2509920,97.63059680140577,124,124,103,False,0.35,4,28
GA,313,1410800,53.793547299923375,24,24,29,True,0.35,4,29
GA,149,570640,23.181733400095254,50,50,30,True,0.35,6,0
GA,413,1913040,75.8345872994978,86,86,107,False,0.35,6,1
GA,401,2152000,84.3726692001801,97,97,180,False,0.35,6,2
GA,192,593520,23.493187699466944,32,32,37,True,0.35,6,3
GA,64,101760,4.084084200207144,12,12,6,True,0.35,6,4
GA,269,1144800,46.04452289943583,63,63,90,True,0.35,6,5
GA,162,477920,19.11086309934035,30,30,24,True,0.35,6,6
GA,59,135440,5.590254899812862,9,9,6,True,0.35,6,7
GA,118,429680,17.179761700099334,33,33,24,True,0.35,6,8
GA,91,290640,11.785308200167492,19,19,11,True,0.35,6,9
GA,471,2653360,104.70649509970099,29,29,29,False,0.35,6,10
GA,129,360880,14.406441199826077,28,28,18,True,0.35,6,11
GA,211,932240,37.08312200009823,53,53,69,True,0.35,6,12
GA,447,2782160,111.9419385981746,53,53,63,False,0.35,6,13
GA,252,1109680,43.16327340062708,29,29,14,True,0.35,6,14
GA,500,2880000,104.16797840083018,0,0,5,False,0.35,6,15
GA,499,2844800,124.89986960007809,1,1,0,False,0.35,6,16
GA,134,593200,30.387708500027657,44,44,50,True,0.35,6,17
GA,349,1444160,63.623796697705984,46,46,36,True,0.35,6,18
GA,178,586720,26.62088629975915,45,45,48,True,0.35,6,19
GA,487,2580000,106.30031709861942,12,12,52,False,0.35,6,20
GA,177,735040,30.6182719997596,42,42,53,True,0.35,6,21
GA,441,2708480,116.49030059901997,59,59,55,False,0.35,6,22
GA,166,713760,31.687720601446927,54,54,28,True,0.35,6,23
GA,131,486160,20.105097000021487,32,32,16,True,0.35,6,24
GA,73,253920,10.753008300205693,10,10,8,True,0.35,6,25
GA,136,548000,22.791067299665883,24,24,24,True,0.35,6,26
GA,106,114320,4.4600467996206135,4,4,1,True,0.35,6,27
GA,188,670560,34.74336420069449,46,46,68,True,0.35,6,28
GA,186,773680,40.620739999227226,59,59,31,True,0.35,6,29
